ID,Name,Description,Nexus_File,Concepticon_ID,Concepticon_Gloss
1,1_sky-1,,data.nex,1732,SKY
2,1_sky-0,,data.nex,1732,SKY
3,1_sky-3,,data.nex,1732,SKY
4,1_sky-2,,data.nex,1732,SKY
5,1_sky-5,,data.nex,1732,SKY
6,1_sky-4,,data.nex,1732,SKY
7,1_sky-7,,data.nex,1732,SKY
8,1_sky-6,,data.nex,1732,SKY
9,1_sky-9,,data.nex,1732,SKY
10,1_sky-8,,data.nex,1732,SKY
11,2_sun-1,,data.nex,1343,SUN
12,2_sun-0,,data.nex,1343,SUN
13,2_sun-3,,data.nex,1343,SUN
14,2_sun-2,,data.nex,1343,SUN
15,2_sun-4,,data.nex,1343,SUN
16,4_star-1,,data.nex,1430,STAR
17,4_star-0,,data.nex,1430,STAR
18,4_star-3,,data.nex,1430,STAR
19,4_star-2,,data.nex,1430,STAR
20,4_star-5,,data.nex,1430,STAR
21,4_star-4,,data.nex,1430,STAR
22,4_star-6,,data.nex,1430,STAR
23,5_cloud-10,,data.nex,1489,CLOUD
24,5_cloud-1,,data.nex,1489,CLOUD
25,5_cloud-0,,data.nex,1489,CLOUD
26,5_cloud-3,,data.nex,1489,CLOUD
27,5_cloud-2,,data.nex,1489,CLOUD
28,5_cloud-5,,data.nex,1489,CLOUD
29,5_cloud-4,,data.nex,1489,CLOUD
30,5_cloud-7,,data.nex,1489,CLOUD
31,5_cloud-6,,data.nex,1489,CLOUD
32,5_cloud-9,,data.nex,1489,CLOUD
33,5_cloud-8,,data.nex,1489,CLOUD
34,6_night-1,,data.nex,1489,CLOUD
35,6_night-0,,data.nex,1233,NIGHT
36,6_night-3,,data.nex,1233,NIGHT
37,6_night-2,,data.nex,1233,NIGHT
38,6_night-5,,data.nex,1233,NIGHT
39,6_night-4,,data.nex,1233,NIGHT
40,6_night-7,,data.nex,1233,NIGHT
41,6_night-6,,data.nex,1233,NIGHT
42,8_morning-10,,data.nex,1339,MORNING
43,8_morning-1,,data.nex,1339,MORNING
44,8_morning-0,,data.nex,1339,MORNING
45,8_morning-3,,data.nex,1339,MORNING
46,8_morning-2,,data.nex,1339,MORNING
47,8_morning-5,,data.nex,1339,MORNING
48,8_morning-4,,data.nex,1339,MORNING
49,8_morning-7,,data.nex,1339,MORNING
50,8_morning-6,,data.nex,1339,MORNING
51,8_morning-9,,data.nex,1339,MORNING
52,8_morning-8,,data.nex,1339,MORNING
53,9_yesterday-1,,data.nex,1174,YESTERDAY
54,9_yesterday-0,,data.nex,1174,YESTERDAY
55,9_yesterday-3,,data.nex,1174,YESTERDAY
56,9_yesterday-2,,data.nex,1174,YESTERDAY
57,9_yesterday-5,,data.nex,1174,YESTERDAY
58,9_yesterday-4,,data.nex,1174,YESTERDAY
59,9_yesterday-7,,data.nex,1174,YESTERDAY
60,9_yesterday-6,,data.nex,1174,YESTERDAY
61,11_tomorrow-11,,data.nex,1329,TOMORROW
62,11_tomorrow-10,,data.nex,1329,TOMORROW
63,11_tomorrow-0,,data.nex,1329,TOMORROW
64,11_tomorrow-3,,data.nex,1329,TOMORROW
65,11_tomorrow-2,,data.nex,1329,TOMORROW
66,11_tomorrow-5,,data.nex,1329,TOMORROW
67,11_tomorrow-4,,data.nex,1329,TOMORROW
68,11_tomorrow-7,,data.nex,1329,TOMORROW
69,11_tomorrow-6,,data.nex,1329,TOMORROW
70,11_tomorrow-9,,data.nex,1329,TOMORROW
71,11_tomorrow-8,,data.nex,1329,TOMORROW
72,14_wind_1-10,,data.nex,960,WIND
73,14_wind_1-1,,data.nex,960,WIND
74,14_wind_1-0,,data.nex,960,WIND
75,14_wind_1-3,,data.nex,960,WIND
76,14_wind_1-2,,data.nex,960,WIND
77,14_wind_1-5,,data.nex,960,WIND
78,14_wind_1-4,,data.nex,960,WIND
79,14_wind_1-7,,data.nex,960,WIND
80,14_wind_1-6,,data.nex,960,WIND
81,14_wind_1-9,,data.nex,960,WIND
82,14_wind_1-8,,data.nex,960,WIND
83,14_wind_2-1,,data.nex,960,WIND
84,14_wind_2-0,,data.nex,960,WIND
85,14_wind_2-3,,data.nex,960,WIND
86,14_wind_2-2,,data.nex,960,WIND
87,14_wind_2-5,,data.nex,960,WIND
88,14_wind_2-4,,data.nex,960,WIND
89,14_wind_2-7,,data.nex,960,WIND
90,14_wind_2-6,,data.nex,960,WIND
91,14_wind_2-9,,data.nex,960,WIND
92,14_wind_2-8,,data.nex,960,WIND
93,15_rain-1,,data.nex,658,RAIN (PRECIPITATION)
94,15_rain-0,,data.nex,658,RAIN (PRECIPITATION)
95,15_rain-3,,data.nex,658,RAIN (PRECIPITATION)
96,15_rain-2,,data.nex,658,RAIN (PRECIPITATION)
97,16_rainbow-11,,data.nex,1733,RAINBOW
98,16_rainbow-10,,data.nex,1733,RAINBOW
99,16_rainbow-1,,data.nex,1733,RAINBOW
100,16_rainbow-0,,data.nex,1733,RAINBOW
101,16_rainbow-3,,data.nex,1733,RAINBOW
102,16_rainbow-2,,data.nex,1733,RAINBOW
103,16_rainbow-5,,data.nex,1733,RAINBOW
104,16_rainbow-4,,data.nex,1733,RAINBOW
105,16_rainbow-7,,data.nex,1733,RAINBOW
106,16_rainbow-6,,data.nex,1733,RAINBOW
107,16_rainbow-9,,data.nex,1733,RAINBOW
108,16_rainbow-8,,data.nex,1733,RAINBOW
109,17_thunder-11,,data.nex,1150,THUNDER
110,17_thunder-10,,data.nex,1150,THUNDER
111,17_thunder-1,,data.nex,1150,THUNDER
112,17_thunder-0,,data.nex,1150,THUNDER
113,17_thunder-3,,data.nex,1150,THUNDER
114,17_thunder-2,,data.nex,1150,THUNDER
115,17_thunder-5,,data.nex,1150,THUNDER
116,17_thunder-4,,data.nex,1150,THUNDER
117,17_thunder-7,,data.nex,1150,THUNDER
118,17_thunder-6,,data.nex,1150,THUNDER
119,17_thunder-9,,data.nex,1150,THUNDER
120,17_thunder-8,,data.nex,1150,THUNDER
121,18_lightning-1,,data.nex,1654,LIGHTNING
122,18_lightning-0,,data.nex,1654,LIGHTNING
123,18_lightning-3,,data.nex,1654,LIGHTNING
124,18_lightning-2,,data.nex,1654,LIGHTNING
125,18_lightning-5,,data.nex,1654,LIGHTNING
126,18_lightning-4,,data.nex,1654,LIGHTNING
127,18_lightning-7,,data.nex,1654,LIGHTNING
128,18_lightning-6,,data.nex,1654,LIGHTNING
129,18_lightning-9,,data.nex,1654,LIGHTNING
130,18_lightning-8,,data.nex,1654,LIGHTNING
131,19_earthquake-1,,data.nex,6,EARTHQUAKE
132,19_earthquake-0,,data.nex,6,EARTHQUAKE
133,19_earthquake-3,,data.nex,6,EARTHQUAKE
134,19_earthquake-2,,data.nex,6,EARTHQUAKE
135,19_earthquake-5,,data.nex,6,EARTHQUAKE
136,19_earthquake-4,,data.nex,6,EARTHQUAKE
137,19_earthquake-7,,data.nex,6,EARTHQUAKE
138,19_earthquake-6,,data.nex,6,EARTHQUAKE
139,19_earthquake-9,,data.nex,6,EARTHQUAKE
140,19_earthquake-8,,data.nex,6,EARTHQUAKE
141,21_mountain-1,,data.nex,639,MOUNTAIN
142,21_mountain-0,,data.nex,639,MOUNTAIN
143,21_mountain-3,,data.nex,639,MOUNTAIN
144,21_mountain-2,,data.nex,639,MOUNTAIN
145,21_mountain-5,,data.nex,639,MOUNTAIN
146,21_mountain-4,,data.nex,639,MOUNTAIN
147,21_mountain-7,,data.nex,639,MOUNTAIN
148,21_mountain-6,,data.nex,639,MOUNTAIN
149,21_mountain-8,,data.nex,639,MOUNTAIN
150,23_village-1,,data.nex,930,VILLAGE
151,23_village-0,,data.nex,930,VILLAGE
152,23_village-2,,data.nex,930,VILLAGE
153,24_land_soil-1,,data.nex,1228,EARTH (SOIL)
154,24_land_soil-0,,data.nex,1228,EARTH (SOIL)
155,24_land_soil-3,,data.nex,1228,EARTH (SOIL)
156,24_land_soil-2,,data.nex,1228,EARTH (SOIL)
157,24_land_soil-5,,data.nex,1228,EARTH (SOIL)
158,24_land_soil-4,,data.nex,1228,EARTH (SOIL)
159,24_land_soil-7,,data.nex,1228,EARTH (SOIL)
160,24_land_soil-6,,data.nex,1228,EARTH (SOIL)
161,24_land_soil-9,,data.nex,1228,EARTH (SOIL)
162,24_land_soil-8,,data.nex,1228,EARTH (SOIL)
163,25_earth-1,,data.nex,626,LAND
164,25_earth-0,,data.nex,626,LAND
165,25_earth-3,,data.nex,626,LAND
166,25_earth-2,,data.nex,626,LAND
167,25_earth-5,,data.nex,626,LAND
168,25_earth-7,,data.nex,626,LAND
169,25_earth-6,,data.nex,626,LAND
170,25_earth-8,,data.nex,626,LAND
171,26_hole-1,,data.nex,1667,HOLE
172,26_hole-0,,data.nex,1667,HOLE
173,26_hole-3,,data.nex,1667,HOLE
174,26_hole-2,,data.nex,1667,HOLE
175,26_hole-5,,data.nex,1667,HOLE
176,26_hole-4,,data.nex,1667,HOLE
177,26_hole-7,,data.nex,1667,HOLE
178,26_hole-6,,data.nex,1667,HOLE
179,26_hole-8,,data.nex,1667,HOLE
180,27_stone-1,,data.nex,857,STONE
181,27_stone-0,,data.nex,857,STONE
182,28_water_fresh-1,,data.nex,948,WATER
183,28_water_fresh-0,,data.nex,948,WATER
184,29_river-1,,data.nex,666,RIVER
185,29_river-0,,data.nex,666,RIVER
186,29_river-3,,data.nex,666,RIVER
187,29_river-2,,data.nex,666,RIVER
188,29_river-5,,data.nex,666,RIVER
189,29_river-4,,data.nex,666,RIVER
190,29_river-7,,data.nex,666,RIVER
191,29_river-6,,data.nex,666,RIVER
192,29_river-8,,data.nex,666,RIVER
193,30_lake-1,,data.nex,624,LAKE
194,30_lake-0,,data.nex,624,LAKE
195,30_lake-3,,data.nex,624,LAKE
196,30_lake-2,,data.nex,624,LAKE
197,30_lake-5,,data.nex,624,LAKE
198,30_lake-4,,data.nex,624,LAKE
199,30_lake-7,,data.nex,624,LAKE
200,30_lake-6,,data.nex,624,LAKE
201,30_lake-9,,data.nex,624,LAKE
202,30_lake-8,,data.nex,624,LAKE
203,31_coral_rock-1,,data.nex,3179,CORAL ROCK
204,31_coral_rock-0,,data.nex,3179,CORAL ROCK
205,31_coral_rock-3,,data.nex,3179,CORAL ROCK
206,31_coral_rock-2,,data.nex,3179,CORAL ROCK
207,31_coral_rock-5,,data.nex,3179,CORAL ROCK
208,31_coral_rock-4,,data.nex,3179,CORAL ROCK
209,31_coral_rock-7,,data.nex,3179,CORAL ROCK
210,31_coral_rock-6,,data.nex,3179,CORAL ROCK
211,31_coral_rock-8,,data.nex,3179,CORAL ROCK
212,32_coral_reef-1,,data.nex,660,REEF
213,32_coral_reef-0,,data.nex,660,REEF
214,32_coral_reef-3,,data.nex,660,REEF
215,32_coral_reef-2,,data.nex,660,REEF
216,32_coral_reef-5,,data.nex,660,REEF
217,32_coral_reef-4,,data.nex,660,REEF
218,32_coral_reef-7,,data.nex,660,REEF
219,32_coral_reef-6,,data.nex,660,REEF
220,33_canoe-1,,data.nex,1970,CANOE
221,33_canoe-0,,data.nex,1970,CANOE
222,33_canoe-3,,data.nex,1970,CANOE
223,33_canoe-2,,data.nex,1970,CANOE
224,33_canoe-5,,data.nex,1970,CANOE
225,33_canoe-4,,data.nex,1970,CANOE
226,33_canoe-6,,data.nex,1970,CANOE
227,35_fish_trap-1,,data.nex,389,FISH TRAP
228,35_fish_trap-0,,data.nex,389,FISH TRAP
229,35_fish_trap-3,,data.nex,389,FISH TRAP
230,35_fish_trap-2,,data.nex,389,FISH TRAP
231,35_fish_trap-5,,data.nex,389,FISH TRAP
232,35_fish_trap-4,,data.nex,389,FISH TRAP
233,35_fish_trap-6,,data.nex,389,FISH TRAP
234,36_sea_salt_water-1,,data.nex,1474,SEA
235,36_sea_salt_water-0,,data.nex,1474,SEA
236,36_sea_salt_water-2,,data.nex,1474,SEA
237,37_wave-1,,data.nex,978,WAVE
238,37_wave-0,,data.nex,978,WAVE
239,37_wave-3,,data.nex,978,WAVE
240,37_wave-2,,data.nex,978,WAVE
241,37_wave-5,,data.nex,978,WAVE
242,37_wave-4,,data.nex,978,WAVE
243,37_wave-6,,data.nex,978,WAVE
244,38_foam-1,,data.nex,1768,FOAM
245,38_foam-0,,data.nex,1768,FOAM
246,38_foam-3,,data.nex,1768,FOAM
247,38_foam-2,,data.nex,1768,FOAM
248,38_foam-5,,data.nex,1768,FOAM
249,38_foam-4,,data.nex,1768,FOAM
250,38_foam-7,,data.nex,1768,FOAM
251,38_foam-6,,data.nex,1768,FOAM
252,38_foam-8,,data.nex,1768,FOAM
253,39_forest-11,,data.nex,420,FOREST
254,39_forest-10,,data.nex,420,FOREST
255,39_forest-1,,data.nex,420,FOREST
256,39_forest-0,,data.nex,420,FOREST
257,39_forest-3,,data.nex,420,FOREST
258,39_forest-2,,data.nex,420,FOREST
259,39_forest-5,,data.nex,420,FOREST
260,39_forest-4,,data.nex,420,FOREST
261,39_forest-7,,data.nex,420,FOREST
262,39_forest-6,,data.nex,420,FOREST
263,39_forest-9,,data.nex,420,FOREST
264,39_forest-8,,data.nex,420,FOREST
265,40_field-0,,data.nex,212,FIELD
266,40_field-3,,data.nex,212,FIELD
267,40_field-2,,data.nex,212,FIELD
268,40_field-5,,data.nex,212,FIELD
269,40_field-4,,data.nex,212,FIELD
270,40_field-6,,data.nex,212,FIELD
271,41_garden-0,,data.nex,586,GARDEN
272,41_garden-2,,data.nex,586,GARDEN
273,41_garden-5,,data.nex,586,GARDEN
274,41_garden-4,,data.nex,586,GARDEN
275,41_garden-7,,data.nex,586,GARDEN
276,41_garden-6,,data.nex,586,GARDEN
277,41_garden-9,,data.nex,586,GARDEN
278,41_garden-8,,data.nex,586,GARDEN
279,42_road_path-1,,data.nex,2457,PATH OR ROAD
280,42_road_path-0,,data.nex,2457,PATH OR ROAD
281,42_road_path-3,,data.nex,2457,PATH OR ROAD
282,42_road_path-2,,data.nex,2457,PATH OR ROAD
283,42_road_path-5,,data.nex,2457,PATH OR ROAD
284,42_road_path-4,,data.nex,2457,PATH OR ROAD
285,42_road_path-7,,data.nex,2457,PATH OR ROAD
286,42_road_path-6,,data.nex,2457,PATH OR ROAD
287,42_road_path-9,,data.nex,2457,PATH OR ROAD
288,42_road_path-8,,data.nex,2457,PATH OR ROAD
289,44_axe-1,,data.nex,677,AXE
290,44_axe-0,,data.nex,677,AXE
291,44_axe-3,,data.nex,677,AXE
292,44_axe-2,,data.nex,677,AXE
293,44_axe-5,,data.nex,677,AXE
294,44_axe-4,,data.nex,677,AXE
295,44_axe-7,,data.nex,677,AXE
296,44_axe-6,,data.nex,677,AXE
297,44_axe-8,,data.nex,677,AXE
298,45_spear-0,,data.nex,945,SPEAR
299,45_spear-3,,data.nex,945,SPEAR
300,45_spear-2,,data.nex,945,SPEAR
301,45_spear-5,,data.nex,945,SPEAR
302,45_spear-4,,data.nex,945,SPEAR
303,46_burden_stick-1,,data.nex,,
304,46_burden_stick-0,,data.nex,,
305,46_burden_stick-3,,data.nex,,
306,46_burden_stick-2,,data.nex,,
307,47_bow-1,,data.nex,994,BOW
308,47_bow-0,,data.nex,994,BOW
309,47_bow-3,,data.nex,994,BOW
310,47_bow-2,,data.nex,994,BOW
311,47_bow-5,,data.nex,994,BOW
312,47_bow-4,,data.nex,994,BOW
313,47_bow-7,,data.nex,994,BOW
314,47_bow-6,,data.nex,994,BOW
315,48_arrow-10,,data.nex,977,ARROW
316,48_arrow-1,,data.nex,977,ARROW
317,48_arrow-0,,data.nex,977,ARROW
318,48_arrow-3,,data.nex,977,ARROW
319,48_arrow-5,,data.nex,977,ARROW
320,48_arrow-7,,data.nex,977,ARROW
321,48_arrow-6,,data.nex,977,ARROW
322,48_arrow-9,,data.nex,977,ARROW
323,48_arrow-8,,data.nex,977,ARROW
324,49_knife-0,,data.nex,1352,KNIFE
325,49_knife-3,,data.nex,1352,KNIFE
326,49_knife-2,,data.nex,1352,KNIFE
327,49_knife-5,,data.nex,1352,KNIFE
328,49_knife-4,,data.nex,1352,KNIFE
329,49_knife-7,,data.nex,1352,KNIFE
330,49_knife-6,,data.nex,1352,KNIFE
331,49_knife-8,,data.nex,1352,KNIFE
332,50_rope-1,,data.nex,1218,ROPE
333,50_rope-0,,data.nex,1218,ROPE
334,50_rope-3,,data.nex,1218,ROPE
335,50_rope-2,,data.nex,1218,ROPE
336,50_rope-5,,data.nex,1218,ROPE
337,50_rope-4,,data.nex,1218,ROPE
338,50_rope-7,,data.nex,1218,ROPE
339,50_rope-6,,data.nex,1218,ROPE
340,50_rope-9,,data.nex,1218,ROPE
341,50_rope-8,,data.nex,1218,ROPE
342,52_mat-1,,data.nex,195,MAT
343,52_mat-0,,data.nex,195,MAT
344,52_mat-3,,data.nex,195,MAT
345,52_mat-2,,data.nex,195,MAT
346,52_mat-5,,data.nex,195,MAT
347,52_mat-4,,data.nex,195,MAT
348,52_mat-6,,data.nex,195,MAT
349,54_oven-1,,data.nex,1143,OVEN
350,54_oven-0,,data.nex,1143,OVEN
351,54_oven-3,,data.nex,1143,OVEN
352,54_oven-2,,data.nex,1143,OVEN
353,54_oven-5,,data.nex,1143,OVEN
354,54_oven-4,,data.nex,1143,OVEN
355,54_oven-7,,data.nex,1143,OVEN
356,54_oven-6,,data.nex,1143,OVEN
357,54_oven-9,,data.nex,1143,OVEN
358,54_oven-8,,data.nex,1143,OVEN
359,55_fire-1,,data.nex,221,FIRE
360,55_fire-0,,data.nex,221,FIRE
361,55_fire-2,,data.nex,221,FIRE
362,56_smoke-1,,data.nex,778,SMOKE (EXHAUST)
363,56_smoke-0,,data.nex,778,SMOKE (EXHAUST)
364,57_ash-1,,data.nex,646,ASH
365,57_ash-0,,data.nex,646,ASH
366,57_ash-3,,data.nex,646,ASH
367,57_ash-2,,data.nex,646,ASH
368,57_ash-4,,data.nex,646,ASH
369,57_ash-7,,data.nex,646,ASH
370,57_ash-6,,data.nex,646,ASH
371,57_ash-8,,data.nex,646,ASH
372,58_dust_fine_earth-1,,data.nex,2,DUST
373,58_dust_fine_earth-0,,data.nex,2,DUST
374,58_dust_fine_earth-3,,data.nex,2,DUST
375,58_dust_fine_earth-5,,data.nex,2,DUST
376,58_dust_fine_earth-4,,data.nex,2,DUST
377,58_dust_fine_earth-7,,data.nex,2,DUST
378,58_dust_fine_earth-6,,data.nex,2,DUST
379,58_dust_fine_earth-9,,data.nex,2,DUST
380,58_dust_fine_earth-8,,data.nex,2,DUST
381,59_mud-1,,data.nex,640,MUD
382,59_mud-0,,data.nex,640,MUD
383,59_mud-3,,data.nex,640,MUD
384,59_mud-2,,data.nex,640,MUD
385,59_mud-5,,data.nex,640,MUD
386,59_mud-4,,data.nex,640,MUD
387,59_mud-7,,data.nex,640,MUD
388,59_mud-6,,data.nex,640,MUD
389,59_mud-8,,data.nex,640,MUD
390,62_sand-1,,data.nex,671,SAND
391,62_sand-0,,data.nex,671,SAND
392,62_sand-3,,data.nex,671,SAND
393,62_sand-2,,data.nex,671,SAND
394,62_sand-5,,data.nex,671,SAND
395,62_sand-4,,data.nex,671,SAND
396,62_sand-7,,data.nex,671,SAND
397,62_sand-6,,data.nex,671,SAND
398,63_grass_brush-0,,data.nex,606,GRASS
399,63_grass_brush-3,,data.nex,606,GRASS
400,63_grass_brush-2,,data.nex,606,GRASS
401,63_grass_brush-5,,data.nex,606,GRASS
402,63_grass_brush-4,,data.nex,606,GRASS
403,63_grass_brush-7,,data.nex,606,GRASS
404,63_grass_brush-6,,data.nex,606,GRASS
405,63_grass_brush-9,,data.nex,606,GRASS
406,63_grass_brush-8,,data.nex,606,GRASS
407,64_house-10,,data.nex,1252,HOUSE
408,64_house-1,,data.nex,1252,HOUSE
409,64_house-0,,data.nex,1252,HOUSE
410,64_house-3,,data.nex,1252,HOUSE
411,64_house-2,,data.nex,1252,HOUSE
412,64_house-5,,data.nex,1252,HOUSE
413,64_house-4,,data.nex,1252,HOUSE
414,64_house-7,,data.nex,1252,HOUSE
415,64_house-6,,data.nex,1252,HOUSE
416,64_house-9,,data.nex,1252,HOUSE
417,64_house-8,,data.nex,1252,HOUSE
418,66_barn_storage_house-11,,data.nex,3025,BARN OR SHED
419,66_barn_storage_house-10,,data.nex,3025,BARN OR SHED
420,66_barn_storage_house-1,,data.nex,3025,BARN OR SHED
421,66_barn_storage_house-0,,data.nex,3025,BARN OR SHED
422,66_barn_storage_house-3,,data.nex,3025,BARN OR SHED
423,66_barn_storage_house-2,,data.nex,3025,BARN OR SHED
424,66_barn_storage_house-5,,data.nex,3025,BARN OR SHED
425,66_barn_storage_house-4,,data.nex,3025,BARN OR SHED
426,66_barn_storage_house-7,,data.nex,3025,BARN OR SHED
427,66_barn_storage_house-6,,data.nex,3025,BARN OR SHED
428,66_barn_storage_house-9,,data.nex,3025,BARN OR SHED
429,66_barn_storage_house-8,,data.nex,3025,BARN OR SHED
430,67_raised_platform-10,,data.nex,,
431,67_raised_platform-1,,data.nex,,
432,67_raised_platform-0,,data.nex,,
433,67_raised_platform-3,,data.nex,,
434,67_raised_platform-2,,data.nex,,
435,67_raised_platform-5,,data.nex,,
436,67_raised_platform-4,,data.nex,,
437,67_raised_platform-7,,data.nex,,
438,67_raised_platform-6,,data.nex,,
439,67_raised_platform-9,,data.nex,,
440,67_raised_platform-8,,data.nex,,
441,68_door-1,,data.nex,1567,DOOR
442,68_door-0,,data.nex,1567,DOOR
443,68_door-3,,data.nex,1567,DOOR
444,68_door-2,,data.nex,1567,DOOR
445,68_door-5,,data.nex,1567,DOOR
446,68_door-4,,data.nex,1567,DOOR
447,68_door-7,,data.nex,1567,DOOR
448,68_door-6,,data.nex,1567,DOOR
449,68_door-9,,data.nex,1567,DOOR
450,68_door-8,,data.nex,1567,DOOR
451,69_thatch-1,,data.nex,279,THATCH
452,69_thatch-0,,data.nex,279,THATCH
453,69_thatch-3,,data.nex,279,THATCH
454,69_thatch-5,,data.nex,279,THATCH
455,69_thatch-4,,data.nex,279,THATCH
456,70_roof_thatch-1,,data.nex,2100,THATCH OR ROOF
457,70_roof_thatch-0,,data.nex,2100,THATCH OR ROOF
458,70_roof_thatch-3,,data.nex,2100,THATCH OR ROOF
459,70_roof_thatch-2,,data.nex,2100,THATCH OR ROOF
460,71_tree-1,,data.nex,906,TREE
461,71_tree-0,,data.nex,906,TREE
462,71_tree-3,,data.nex,906,TREE
463,71_tree-4,,data.nex,906,TREE
464,73_leaf-1,,data.nex,628,LEAF
465,73_leaf-0,,data.nex,628,LEAF
466,73_leaf-3,,data.nex,628,LEAF
467,73_leaf-2,,data.nex,628,LEAF
468,73_leaf-5,,data.nex,628,LEAF
469,73_leaf-4,,data.nex,628,LEAF
470,74_branch-1,,data.nex,1531,BRANCH
471,74_branch-0,,data.nex,1531,BRANCH
472,74_branch-2,,data.nex,1531,BRANCH
473,74_branch-5,,data.nex,1531,BRANCH
474,74_branch-4,,data.nex,1531,BRANCH
475,74_branch-6,,data.nex,1531,BRANCH
476,75_stick_pole-1,,data.nex,1295,STICK
477,75_stick_pole-0,,data.nex,1295,STICK
478,75_stick_pole-3,,data.nex,1295,STICK
479,75_stick_pole-2,,data.nex,1295,STICK
480,75_stick_pole-5,,data.nex,1295,STICK
481,75_stick_pole-4,,data.nex,1295,STICK
482,75_stick_pole-7,,data.nex,1295,STICK
483,75_stick_pole-6,,data.nex,1295,STICK
484,75_stick_pole-8,,data.nex,1295,STICK
485,77_rattan-1,,data.nex,2497,RATTAN
486,77_rattan-0,,data.nex,2497,RATTAN
487,77_rattan-3,,data.nex,2497,RATTAN
488,77_rattan-2,,data.nex,2497,RATTAN
489,77_rattan-5,,data.nex,2497,RATTAN
490,77_rattan-4,,data.nex,2497,RATTAN
491,77_rattan-6,,data.nex,2497,RATTAN
492,78_digging_stick-1,,data.nex,339,DIGGING STICK
493,78_digging_stick-0,,data.nex,339,DIGGING STICK
494,78_digging_stick-3,,data.nex,339,DIGGING STICK
495,78_digging_stick-2,,data.nex,339,DIGGING STICK
496,78_digging_stick-5,,data.nex,339,DIGGING STICK
497,78_digging_stick-4,,data.nex,339,DIGGING STICK
498,79_dibble_stick-1,,data.nex,3155,DIBBLE STICK
499,79_dibble_stick-0,,data.nex,3155,DIBBLE STICK
500,79_dibble_stick-3,,data.nex,3155,DIBBLE STICK
501,79_dibble_stick-2,,data.nex,3155,DIBBLE STICK
502,79_dibble_stick-4,,data.nex,3155,DIBBLE STICK
503,80_root-1,,data.nex,670,ROOT
504,80_root-0,,data.nex,670,ROOT
505,80_root-3,,data.nex,670,ROOT
506,80_root-2,,data.nex,670,ROOT
507,80_root-4,,data.nex,670,ROOT
508,80_root-7,,data.nex,670,ROOT
509,81_fruit-1,,data.nex,1507,FRUIT
510,81_fruit-0,,data.nex,1507,FRUIT
511,81_fruit-3,,data.nex,1507,FRUIT
512,81_fruit-5,,data.nex,1507,FRUIT
513,81_fruit-4,,data.nex,1507,FRUIT
514,81_fruit-6,,data.nex,1507,FRUIT
515,82_seed-10,,data.nex,714,SEED
516,82_seed-1,,data.nex,714,SEED
517,82_seed-0,,data.nex,714,SEED
518,82_seed-3,,data.nex,714,SEED
519,82_seed-2,,data.nex,714,SEED
520,82_seed-5,,data.nex,714,SEED
521,82_seed-4,,data.nex,714,SEED
522,82_seed-7,,data.nex,714,SEED
523,82_seed-6,,data.nex,714,SEED
524,82_seed-9,,data.nex,714,SEED
525,82_seed-8,,data.nex,714,SEED
526,83_flower-1,,data.nex,239,FLOWER
527,83_flower-0,,data.nex,239,FLOWER
528,83_flower-3,,data.nex,239,FLOWER
529,83_flower-2,,data.nex,239,FLOWER
530,83_flower-5,,data.nex,239,FLOWER
531,83_flower-4,,data.nex,239,FLOWER
532,85_cooked_rice-0,,data.nex,1191,COOKED RICE
533,85_cooked_rice-3,,data.nex,1191,COOKED RICE
534,85_cooked_rice-4,,data.nex,1191,COOKED RICE
535,85_cooked_rice-7,,data.nex,1191,COOKED RICE
536,87_plant_1-0,,data.nex,1486,PLANT (SOMETHING)
537,88_plant_2-0,,data.nex,,
538,88_plant_2-2,,data.nex,,
539,89_betel_nut_areca-1,,data.nex,217,BETELNUT
540,89_betel_nut_areca-0,,data.nex,217,BETELNUT
541,90_betel_vine-0,,data.nex,177,BETEL PEPPER VINE
542,91_lime-0,,data.nex,2540,LIME (MATERIAL)
543,93_sweet_potato-10,,data.nex,159,SWEET POTATO
544,93_sweet_potato-1,,data.nex,159,SWEET POTATO
545,93_sweet_potato-0,,data.nex,159,SWEET POTATO
546,93_sweet_potato-3,,data.nex,159,SWEET POTATO
547,93_sweet_potato-2,,data.nex,159,SWEET POTATO
548,93_sweet_potato-5,,data.nex,159,SWEET POTATO
549,93_sweet_potato-4,,data.nex,159,SWEET POTATO
550,93_sweet_potato-7,,data.nex,159,SWEET POTATO
551,93_sweet_potato-6,,data.nex,159,SWEET POTATO
552,93_sweet_potato-9,,data.nex,159,SWEET POTATO
553,93_sweet_potato-8,,data.nex,159,SWEET POTATO
554,94_cassava-1,,data.nex,925,CASSAVA
555,94_cassava-0,,data.nex,925,CASSAVA
556,94_cassava-3,,data.nex,925,CASSAVA
557,94_cassava-2,,data.nex,925,CASSAVA
558,94_cassava-5,,data.nex,925,CASSAVA
559,94_cassava-4,,data.nex,925,CASSAVA
560,94_cassava-7,,data.nex,925,CASSAVA
561,94_cassava-6,,data.nex,925,CASSAVA
562,94_cassava-9,,data.nex,925,CASSAVA
563,94_cassava-8,,data.nex,925,CASSAVA
564,95_taro-10,,data.nex,351,TARO
565,95_taro-1,,data.nex,351,TARO
566,95_taro-0,,data.nex,351,TARO
567,95_taro-3,,data.nex,351,TARO
568,95_taro-2,,data.nex,351,TARO
569,95_taro-5,,data.nex,351,TARO
570,95_taro-4,,data.nex,351,TARO
571,95_taro-7,,data.nex,351,TARO
572,95_taro-6,,data.nex,351,TARO
573,95_taro-9,,data.nex,351,TARO
574,95_taro-8,,data.nex,351,TARO
575,96_sago-1,,data.nex,2270,SAGO
576,96_sago-0,,data.nex,2270,SAGO
577,96_sago-3,,data.nex,2270,SAGO
578,96_sago-2,,data.nex,2270,SAGO
579,97_millet-1,,data.nex,931,MILLET
580,97_millet-0,,data.nex,931,MILLET
581,97_millet-3,,data.nex,931,MILLET
582,97_millet-2,,data.nex,931,MILLET
583,97_millet-5,,data.nex,931,MILLET
584,97_millet-4,,data.nex,931,MILLET
585,98_sugarcane-1,,data.nex,146,SUGAR CANE
586,98_sugarcane-0,,data.nex,146,SUGAR CANE
587,98_sugarcane-3,,data.nex,146,SUGAR CANE
588,98_sugarcane-2,,data.nex,146,SUGAR CANE
589,98_sugarcane-5,,data.nex,146,SUGAR CANE
590,98_sugarcane-4,,data.nex,146,SUGAR CANE
591,101_coconut-1,,data.nex,970,COCONUT
592,101_coconut-0,,data.nex,970,COCONUT
593,101_coconut-3,,data.nex,970,COCONUT
594,101_coconut-2,,data.nex,970,COCONUT
595,102_gwang_palm-1,,data.nex,,
596,102_gwang_palm-0,,data.nex,,
597,102_gwang_palm-3,,data.nex,,
598,102_gwang_palm-2,,data.nex,,
599,102_gwang_palm-5,,data.nex,,
600,102_gwang_palm-4,,data.nex,,
601,102_gwang_palm-7,,data.nex,,
602,102_gwang_palm-6,,data.nex,,
603,102_gwang_palm-8,,data.nex,,
604,103_lontar_palm-1,,data.nex,3030,LONTAR PALM
605,103_lontar_palm-0,,data.nex,3030,LONTAR PALM
606,103_lontar_palm-3,,data.nex,3030,LONTAR PALM
607,103_lontar_palm-5,,data.nex,3030,LONTAR PALM
608,103_lontar_palm-4,,data.nex,3030,LONTAR PALM
609,103_lontar_palm-7,,data.nex,3030,LONTAR PALM
610,103_lontar_palm-6,,data.nex,3030,LONTAR PALM
611,104_sugar_palm-1,,data.nex,3029,SUGAR PALM
612,104_sugar_palm-0,,data.nex,3029,SUGAR PALM
613,104_sugar_palm-3,,data.nex,3029,SUGAR PALM
614,104_sugar_palm-2,,data.nex,3029,SUGAR PALM
615,105_marungga-1,,data.nex,,
616,105_marungga-0,,data.nex,,
617,105_marungga-3,,data.nex,,
618,105_marungga-2,,data.nex,,
619,105_marungga-5,,data.nex,,
620,105_marungga-4,,data.nex,,
621,105_marungga-7,,data.nex,,
622,105_marungga-6,,data.nex,,
623,106_gum_tree_eucalyptus-1,,data.nex,3007,EUCALYPT
624,106_gum_tree_eucalyptus-0,,data.nex,3007,EUCALYPT
625,106_gum_tree_eucalyptus-3,,data.nex,3007,EUCALYPT
626,106_gum_tree_eucalyptus-2,,data.nex,3007,EUCALYPT
627,106_gum_tree_eucalyptus-5,,data.nex,3007,EUCALYPT
628,106_gum_tree_eucalyptus-4,,data.nex,3007,EUCALYPT
629,107_bamboo-1,,data.nex,1927,BAMBOO
630,107_bamboo-0,,data.nex,1927,BAMBOO
631,107_bamboo-3,,data.nex,1927,BAMBOO
632,107_bamboo-2,,data.nex,1927,BAMBOO
633,107_bamboo-5,,data.nex,1927,BAMBOO
634,107_bamboo-4,,data.nex,1927,BAMBOO
635,107_bamboo-6,,data.nex,1927,BAMBOO
636,108_banana-1,,data.nex,868,BANANA
637,108_banana-0,,data.nex,868,BANANA
638,108_banana-3,,data.nex,868,BANANA
639,108_banana-2,,data.nex,868,BANANA
640,108_banana-4,,data.nex,868,BANANA
641,109_mango-1,,data.nex,2398,MANGO
642,109_mango-0,,data.nex,2398,MANGO
643,109_mango-3,,data.nex,2398,MANGO
644,109_mango-2,,data.nex,2398,MANGO
645,109_mango-5,,data.nex,2398,MANGO
646,109_mango-4,,data.nex,2398,MANGO
647,109_mango-7,,data.nex,2398,MANGO
648,109_mango-6,,data.nex,2398,MANGO
649,109_mango-8,,data.nex,2398,MANGO
650,110_papaya-10,,data.nex,2445,PAPAYA
651,110_papaya-1,,data.nex,2445,PAPAYA
652,110_papaya-0,,data.nex,2445,PAPAYA
653,110_papaya-2,,data.nex,2445,PAPAYA
654,110_papaya-4,,data.nex,2445,PAPAYA
655,110_papaya-7,,data.nex,2445,PAPAYA
656,110_papaya-6,,data.nex,2445,PAPAYA
657,110_papaya-9,,data.nex,2445,PAPAYA
658,110_papaya-8,,data.nex,2445,PAPAYA
659,111_jackfruit-1,,data.nex,2655,JACKFRUIT
660,111_jackfruit-0,,data.nex,2655,JACKFRUIT
661,111_jackfruit-3,,data.nex,2655,JACKFRUIT
662,111_jackfruit-2,,data.nex,2655,JACKFRUIT
663,111_jackfruit-5,,data.nex,2655,JACKFRUIT
664,111_jackfruit-4,,data.nex,2655,JACKFRUIT
665,111_jackfruit-6,,data.nex,2655,JACKFRUIT
666,112_breadfruit-0,,data.nex,2371,BREADFRUIT
667,112_breadfruit-3,,data.nex,2371,BREADFRUIT
668,112_breadfruit-2,,data.nex,2371,BREADFRUIT
669,112_breadfruit-5,,data.nex,2371,BREADFRUIT
670,112_breadfruit-4,,data.nex,2371,BREADFRUIT
671,112_breadfruit-7,,data.nex,2371,BREADFRUIT
672,112_breadfruit-6,,data.nex,2371,BREADFRUIT
673,112_breadfruit-8,,data.nex,2371,BREADFRUIT
674,113_bean-1,,data.nex,832,BEAN
675,113_bean-0,,data.nex,832,BEAN
676,113_bean-3,,data.nex,832,BEAN
677,113_bean-2,,data.nex,832,BEAN
678,113_bean-5,,data.nex,832,BEAN
679,113_bean-4,,data.nex,832,BEAN
680,113_bean-7,,data.nex,832,BEAN
681,113_bean-6,,data.nex,832,BEAN
682,113_bean-9,,data.nex,832,BEAN
683,113_bean-8,,data.nex,832,BEAN
684,117_fat-1,,data.nex,323,FAT (ORGANIC SUBSTANCE)
685,117_fat-0,,data.nex,323,FAT (ORGANIC SUBSTANCE)
686,117_fat-3,,data.nex,323,FAT (ORGANIC SUBSTANCE)
687,117_fat-2,,data.nex,323,FAT (ORGANIC SUBSTANCE)
688,117_fat-5,,data.nex,323,FAT (ORGANIC SUBSTANCE)
689,117_fat-4,,data.nex,323,FAT (ORGANIC SUBSTANCE)
690,117_fat-7,,data.nex,323,FAT (ORGANIC SUBSTANCE)
691,117_fat-6,,data.nex,323,FAT (ORGANIC SUBSTANCE)
692,118_flesh_meat-11,,data.nex,2615,FLESH OR MEAT
693,118_flesh_meat-10,,data.nex,2615,FLESH OR MEAT
694,118_flesh_meat-1,,data.nex,2615,FLESH OR MEAT
695,118_flesh_meat-0,,data.nex,2615,FLESH OR MEAT
696,118_flesh_meat-3,,data.nex,2615,FLESH OR MEAT
697,118_flesh_meat-2,,data.nex,2615,FLESH OR MEAT
698,118_flesh_meat-5,,data.nex,2615,FLESH OR MEAT
699,118_flesh_meat-4,,data.nex,2615,FLESH OR MEAT
700,118_flesh_meat-7,,data.nex,2615,FLESH OR MEAT
701,118_flesh_meat-6,,data.nex,2615,FLESH OR MEAT
702,118_flesh_meat-9,,data.nex,2615,FLESH OR MEAT
703,118_flesh_meat-8,,data.nex,2615,FLESH OR MEAT
704,119_bone-1,,data.nex,1394,BONE
705,119_bone-0,,data.nex,1394,BONE
706,119_bone-3,,data.nex,1394,BONE
707,119_bone-2,,data.nex,1394,BONE
708,119_bone-5,,data.nex,1394,BONE
709,119_bone-4,,data.nex,1394,BONE
710,120_rib-1,,data.nex,801,RIB
711,120_rib-0,,data.nex,801,RIB
712,120_rib-3,,data.nex,801,RIB
713,120_rib-2,,data.nex,801,RIB
714,120_rib-4,,data.nex,801,RIB
715,120_rib-7,,data.nex,801,RIB
716,120_rib-6,,data.nex,801,RIB
717,120_rib-8,,data.nex,801,RIB
718,121_sweat-1,,data.nex,2458,PERSPIRE OR SWEAT
719,121_sweat-0,,data.nex,2458,PERSPIRE OR SWEAT
720,121_sweat-3,,data.nex,2458,PERSPIRE OR SWEAT
721,121_sweat-2,,data.nex,2458,PERSPIRE OR SWEAT
722,121_sweat-5,,data.nex,2458,PERSPIRE OR SWEAT
723,121_sweat-4,,data.nex,2458,PERSPIRE OR SWEAT
724,121_sweat-7,,data.nex,2458,PERSPIRE OR SWEAT
725,121_sweat-6,,data.nex,2458,PERSPIRE OR SWEAT
726,121_sweat-9,,data.nex,2458,PERSPIRE OR SWEAT
727,121_sweat-8,,data.nex,2458,PERSPIRE OR SWEAT
728,123_blood-0,,data.nex,946,BLOOD
729,124_tendon-1,,data.nex,1137,TENDON
730,124_tendon-0,,data.nex,1137,TENDON
731,124_tendon-3,,data.nex,1137,TENDON
732,124_tendon-2,,data.nex,1137,TENDON
733,124_tendon-4,,data.nex,1137,TENDON
734,124_tendon-7,,data.nex,1137,TENDON
735,125_heart-10,,data.nex,1223,HEART
736,125_heart-1,,data.nex,1223,HEART
737,125_heart-0,,data.nex,1223,HEART
738,125_heart-3,,data.nex,1223,HEART
739,125_heart-2,,data.nex,1223,HEART
740,125_heart-5,,data.nex,1223,HEART
741,125_heart-4,,data.nex,1223,HEART
742,125_heart-7,,data.nex,1223,HEART
743,125_heart-6,,data.nex,1223,HEART
744,125_heart-9,,data.nex,1223,HEART
745,125_heart-8,,data.nex,1223,HEART
746,126_liver-1,,data.nex,1224,LIVER
747,126_liver-0,,data.nex,1224,LIVER
748,126_liver-3,,data.nex,1224,LIVER
749,126_liver-2,,data.nex,1224,LIVER
750,126_liver-5,,data.nex,1224,LIVER
751,126_liver-4,,data.nex,1224,LIVER
752,126_liver-6,,data.nex,1224,LIVER
753,127_guts-1,,data.nex,1334,GUTS
754,127_guts-0,,data.nex,1334,GUTS
755,127_guts-3,,data.nex,1334,GUTS
756,127_guts-2,,data.nex,1334,GUTS
757,127_guts-5,,data.nex,1334,GUTS
758,127_guts-4,,data.nex,1334,GUTS
759,127_guts-7,,data.nex,1334,GUTS
760,127_guts-6,,data.nex,1334,GUTS
761,127_guts-9,,data.nex,1334,GUTS
762,127_guts-8,,data.nex,1334,GUTS
763,128_excrement-1,,data.nex,675,FAECES (EXCREMENT)
764,128_excrement-0,,data.nex,675,FAECES (EXCREMENT)
765,128_excrement-3,,data.nex,675,FAECES (EXCREMENT)
766,128_excrement-2,,data.nex,675,FAECES (EXCREMENT)
767,129_lungs-1,,data.nex,688,LUNG
768,129_lungs-0,,data.nex,688,LUNG
769,129_lungs-3,,data.nex,688,LUNG
770,129_lungs-2,,data.nex,688,LUNG
771,129_lungs-5,,data.nex,688,LUNG
772,129_lungs-4,,data.nex,688,LUNG
773,129_lungs-7,,data.nex,688,LUNG
774,129_lungs-6,,data.nex,688,LUNG
775,129_lungs-8,,data.nex,688,LUNG
776,130_stomach-1,,data.nex,819,STOMACH
777,130_stomach-0,,data.nex,819,STOMACH
778,130_stomach-3,,data.nex,819,STOMACH
779,130_stomach-2,,data.nex,819,STOMACH
780,130_stomach-4,,data.nex,819,STOMACH
781,131_head-1,,data.nex,1256,HEAD
782,131_head-0,,data.nex,1256,HEAD
783,131_head-3,,data.nex,1256,HEAD
784,131_head-2,,data.nex,1256,HEAD
785,131_head-5,,data.nex,1256,HEAD
786,131_head-4,,data.nex,1256,HEAD
787,131_head-7,,data.nex,1256,HEAD
788,133_body_hair-0,,data.nex,189,HAIR (BODY)
789,133_body_hair-3,,data.nex,189,HAIR (BODY)
790,133_body_hair-2,,data.nex,189,HAIR (BODY)
791,133_body_hair-4,,data.nex,189,HAIR (BODY)
792,134_eye-0,,data.nex,1248,EYE
793,134_eye-3,,data.nex,1248,EYE
794,134_eye-4,,data.nex,1248,EYE
795,135_ear-1,,data.nex,1247,EAR
796,135_ear-0,,data.nex,1247,EAR
797,135_ear-3,,data.nex,1247,EAR
798,135_ear-2,,data.nex,1247,EAR
799,136_nose-1,,data.nex,1221,NOSE
800,136_nose-0,,data.nex,1221,NOSE
801,136_nose-3,,data.nex,1221,NOSE
802,136_nose-2,,data.nex,1221,NOSE
803,136_nose-5,,data.nex,1221,NOSE
804,136_nose-4,,data.nex,1221,NOSE
805,136_nose-7,,data.nex,1221,NOSE
806,137_mouth-1,,data.nex,674,MOUTH
807,137_mouth-0,,data.nex,674,MOUTH
808,137_mouth-3,,data.nex,674,MOUTH
809,137_mouth-2,,data.nex,674,MOUTH
810,137_mouth-5,,data.nex,674,MOUTH
811,137_mouth-4,,data.nex,674,MOUTH
812,137_mouth-7,,data.nex,674,MOUTH
813,137_mouth-6,,data.nex,674,MOUTH
814,137_mouth-8,,data.nex,674,MOUTH
815,138_chin-1,,data.nex,1510,CHIN
816,138_chin-0,,data.nex,1510,CHIN
817,138_chin-3,,data.nex,1510,CHIN
818,138_chin-2,,data.nex,1510,CHIN
819,138_chin-5,,data.nex,1510,CHIN
820,138_chin-4,,data.nex,1510,CHIN
821,139_lips-11,,data.nex,478,LIP
822,139_lips-10,,data.nex,478,LIP
823,139_lips-1,,data.nex,478,LIP
824,139_lips-0,,data.nex,478,LIP
825,139_lips-3,,data.nex,478,LIP
826,139_lips-2,,data.nex,478,LIP
827,139_lips-5,,data.nex,478,LIP
828,139_lips-4,,data.nex,478,LIP
829,139_lips-7,,data.nex,478,LIP
830,139_lips-6,,data.nex,478,LIP
831,139_lips-9,,data.nex,478,LIP
832,139_lips-8,,data.nex,478,LIP
833,140_teeth-1,,data.nex,1380,TOOTH
834,140_teeth-0,,data.nex,1380,TOOTH
835,140_teeth-2,,data.nex,1380,TOOTH
836,141_tongue-1,,data.nex,1205,TONGUE
837,141_tongue-0,,data.nex,1205,TONGUE
838,141_tongue-3,,data.nex,1205,TONGUE
839,141_tongue-2,,data.nex,1205,TONGUE
840,142_neck-1,,data.nex,1333,NECK
841,142_neck-0,,data.nex,1333,NECK
842,142_neck-3,,data.nex,1333,NECK
843,142_neck-2,,data.nex,1333,NECK
844,142_neck-5,,data.nex,1333,NECK
845,142_neck-4,,data.nex,1333,NECK
846,142_neck-7,,data.nex,1333,NECK
847,142_neck-6,,data.nex,1333,NECK
848,142_neck-8,,data.nex,1333,NECK
849,143_shoulder-11,,data.nex,1482,SHOULDER
850,143_shoulder-10,,data.nex,1482,SHOULDER
851,143_shoulder-1,,data.nex,1482,SHOULDER
852,143_shoulder-0,,data.nex,1482,SHOULDER
853,143_shoulder-3,,data.nex,1482,SHOULDER
854,143_shoulder-2,,data.nex,1482,SHOULDER
855,143_shoulder-5,,data.nex,1482,SHOULDER
856,143_shoulder-7,,data.nex,1482,SHOULDER
857,143_shoulder-9,,data.nex,1482,SHOULDER
858,143_shoulder-8,,data.nex,1482,SHOULDER
859,144_arm-0,,data.nex,1673,ARM
860,146_fingernail-1,,data.nex,1258,FINGERNAIL
861,146_fingernail-0,,data.nex,1258,FINGERNAIL
862,146_fingernail-3,,data.nex,1258,FINGERNAIL
863,146_fingernail-2,,data.nex,1258,FINGERNAIL
864,146_fingernail-4,,data.nex,1258,FINGERNAIL
865,147_breast-1,,data.nex,1402,BREAST
866,147_breast-0,,data.nex,1402,BREAST
867,147_breast-3,,data.nex,1402,BREAST
868,147_breast-2,,data.nex,1402,BREAST
869,147_breast-5,,data.nex,1402,BREAST
870,147_breast-4,,data.nex,1402,BREAST
871,148_navel-1,,data.nex,1838,NAVEL
872,148_navel-0,,data.nex,1838,NAVEL
873,148_navel-3,,data.nex,1838,NAVEL
874,148_navel-2,,data.nex,1838,NAVEL
875,148_navel-4,,data.nex,1838,NAVEL
876,148_navel-7,,data.nex,1838,NAVEL
877,148_navel-6,,data.nex,1838,NAVEL
878,148_navel-9,,data.nex,1838,NAVEL
879,148_navel-8,,data.nex,1838,NAVEL
880,149_penis-1,,data.nex,1222,PENIS
881,149_penis-0,,data.nex,1222,PENIS
882,149_penis-3,,data.nex,1222,PENIS
883,149_penis-2,,data.nex,1222,PENIS
884,149_penis-5,,data.nex,1222,PENIS
885,149_penis-4,,data.nex,1222,PENIS
886,149_penis-6,,data.nex,1222,PENIS
887,150_vagina-1,,data.nex,1836,VAGINA
888,150_vagina-0,,data.nex,1836,VAGINA
889,150_vagina-3,,data.nex,1836,VAGINA
890,150_vagina-2,,data.nex,1836,VAGINA
891,151_testicles-1,,data.nex,797,TESTICLES
892,151_testicles-0,,data.nex,797,TESTICLES
893,151_testicles-3,,data.nex,797,TESTICLES
894,151_testicles-2,,data.nex,797,TESTICLES
895,151_testicles-4,,data.nex,797,TESTICLES
896,152_leg-1,,data.nex,1297,LEG
897,152_leg-0,,data.nex,1297,LEG
898,152_leg-2,,data.nex,1297,LEG
899,152_leg-5,,data.nex,1297,LEG
900,152_leg-4,,data.nex,1297,LEG
901,152_leg-7,,data.nex,1297,LEG
902,152_leg-6,,data.nex,1297,LEG
903,152_leg-9,,data.nex,1297,LEG
904,152_leg-8,,data.nex,1297,LEG
905,154_knee-1,,data.nex,1371,KNEE
906,154_knee-0,,data.nex,1371,KNEE
907,154_knee-3,,data.nex,1371,KNEE
908,154_knee-2,,data.nex,1371,KNEE
909,154_knee-5,,data.nex,1371,KNEE
910,154_knee-4,,data.nex,1371,KNEE
911,154_knee-6,,data.nex,1371,KNEE
912,155_back-10,,data.nex,1291,BACK
913,155_back-1,,data.nex,1291,BACK
914,155_back-0,,data.nex,1291,BACK
915,155_back-3,,data.nex,1291,BACK
916,155_back-2,,data.nex,1291,BACK
917,155_back-5,,data.nex,1291,BACK
918,155_back-4,,data.nex,1291,BACK
919,155_back-7,,data.nex,1291,BACK
920,155_back-6,,data.nex,1291,BACK
921,155_back-9,,data.nex,1291,BACK
922,155_back-8,,data.nex,1291,BACK
923,157_sore_wound-1,,data.nex,1109,WOUND
924,157_sore_wound-0,,data.nex,1109,WOUND
925,157_sore_wound-3,,data.nex,1109,WOUND
926,157_sore_wound-2,,data.nex,1109,WOUND
927,157_sore_wound-5,,data.nex,1109,WOUND
928,157_sore_wound-4,,data.nex,1109,WOUND
929,157_sore_wound-7,,data.nex,1109,WOUND
930,157_sore_wound-6,,data.nex,1109,WOUND
931,158_ringworm-1,,data.nex,3171,RINGWORM
932,158_ringworm-0,,data.nex,3171,RINGWORM
933,158_ringworm-3,,data.nex,3171,RINGWORM
934,158_ringworm-2,,data.nex,3171,RINGWORM
935,158_ringworm-5,,data.nex,3171,RINGWORM
936,158_ringworm-4,,data.nex,3171,RINGWORM
937,158_ringworm-6,,data.nex,3171,RINGWORM
938,159_scabies-1,,data.nex,3172,SCABIES
939,159_scabies-0,,data.nex,3172,SCABIES
940,159_scabies-3,,data.nex,3172,SCABIES
941,159_scabies-2,,data.nex,3172,SCABIES
942,159_scabies-4,,data.nex,3172,SCABIES
943,159_scabies-6,,data.nex,3172,SCABIES
944,160_tinea-1,,data.nex,3173,TINEA
945,160_tinea-0,,data.nex,3173,TINEA
946,160_tinea-3,,data.nex,3173,TINEA
947,160_tinea-2,,data.nex,3173,TINEA
948,160_tinea-5,,data.nex,3173,TINEA
949,160_tinea-7,,data.nex,3173,TINEA
950,160_tinea-6,,data.nex,3173,TINEA
951,160_tinea-9,,data.nex,3173,TINEA
952,160_tinea-8,,data.nex,3173,TINEA
953,161_feverish-10,,data.nex,1847,SICK
954,161_feverish-1,,data.nex,1847,SICK
955,161_feverish-0,,data.nex,1847,SICK
956,161_feverish-3,,data.nex,1847,SICK
957,161_feverish-5,,data.nex,1847,SICK
958,161_feverish-4,,data.nex,1847,SICK
959,161_feverish-7,,data.nex,1847,SICK
960,161_feverish-6,,data.nex,1847,SICK
961,161_feverish-9,,data.nex,1847,SICK
962,162_conjunctivitis-1,,data.nex,3026,CONJUNCTIVITIS
963,162_conjunctivitis-0,,data.nex,3026,CONJUNCTIVITIS
964,162_conjunctivitis-3,,data.nex,3026,CONJUNCTIVITIS
965,162_conjunctivitis-2,,data.nex,3026,CONJUNCTIVITIS
966,162_conjunctivitis-5,,data.nex,3026,CONJUNCTIVITIS
967,162_conjunctivitis-4,,data.nex,3026,CONJUNCTIVITIS
968,163_cold_influenza-1,,data.nex,102,COMMON COLD (DISEASE)
969,163_cold_influenza-0,,data.nex,102,COMMON COLD (DISEASE)
970,163_cold_influenza-3,,data.nex,102,COMMON COLD (DISEASE)
971,163_cold_influenza-2,,data.nex,102,COMMON COLD (DISEASE)
972,163_cold_influenza-5,,data.nex,102,COMMON COLD (DISEASE)
973,163_cold_influenza-4,,data.nex,102,COMMON COLD (DISEASE)
974,163_cold_influenza-7,,data.nex,102,COMMON COLD (DISEASE)
975,163_cold_influenza-6,,data.nex,102,COMMON COLD (DISEASE)
976,163_cold_influenza-8,,data.nex,102,COMMON COLD (DISEASE)
977,164_person-1,,data.nex,683,PERSON
978,164_person-0,,data.nex,683,PERSON
979,164_person-3,,data.nex,683,PERSON
980,164_person-2,,data.nex,683,PERSON
981,164_person-5,,data.nex,683,PERSON
982,164_person-4,,data.nex,683,PERSON
983,164_person-6,,data.nex,683,PERSON
984,165_name-1,,data.nex,1405,NAME
985,165_name-0,,data.nex,1405,NAME
986,165_name-2,,data.nex,1405,NAME
987,166_child-1,,data.nex,2099,CHILD
988,166_child-0,,data.nex,2099,CHILD
989,166_child-3,,data.nex,2099,CHILD
990,166_child-2,,data.nex,2099,CHILD
991,166_child-4,,data.nex,2099,CHILD
992,167_man-1,,data.nex,1554,MAN
993,167_man-0,,data.nex,1554,MAN
994,167_man-3,,data.nex,1554,MAN
995,167_man-2,,data.nex,1554,MAN
996,167_man-5,,data.nex,1554,MAN
997,167_man-4,,data.nex,1554,MAN
998,167_man-7,,data.nex,1554,MAN
999,167_man-6,,data.nex,1554,MAN
1000,167_man-9,,data.nex,1554,MAN
1001,167_man-8,,data.nex,1554,MAN
1002,168_woman-1,,data.nex,962,WOMAN
1003,168_woman-0,,data.nex,962,WOMAN
1004,168_woman-3,,data.nex,962,WOMAN
1005,168_woman-2,,data.nex,962,WOMAN
1006,168_woman-5,,data.nex,962,WOMAN
1007,168_woman-4,,data.nex,962,WOMAN
1008,168_woman-7,,data.nex,962,WOMAN
1009,168_woman-6,,data.nex,962,WOMAN
1010,168_woman-9,,data.nex,962,WOMAN
1011,168_woman-8,,data.nex,962,WOMAN
1012,171_mother-1,,data.nex,1216,MOTHER
1013,171_mother-0,,data.nex,1216,MOTHER
1014,171_mother-3,,data.nex,1216,MOTHER
1015,171_mother-5,,data.nex,1216,MOTHER
1016,171_mother-4,,data.nex,1216,MOTHER
1017,171_mother-7,,data.nex,1216,MOTHER
1018,171_mother-6,,data.nex,1216,MOTHER
1019,172_father-1,,data.nex,1217,FATHER
1020,172_father-0,,data.nex,1217,FATHER
1021,172_father-3,,data.nex,1217,FATHER
1022,172_father-2,,data.nex,1217,FATHER
1023,172_father-6,,data.nex,1217,FATHER
1024,173_older_sibling-1,,data.nex,405,OLDER SIBLING
1025,173_older_sibling-0,,data.nex,405,OLDER SIBLING
1026,173_older_sibling-3,,data.nex,405,OLDER SIBLING
1027,173_older_sibling-2,,data.nex,405,OLDER SIBLING
1028,173_older_sibling-5,,data.nex,405,OLDER SIBLING
1029,173_older_sibling-4,,data.nex,405,OLDER SIBLING
1030,173_older_sibling-7,,data.nex,405,OLDER SIBLING
1031,173_older_sibling-6,,data.nex,405,OLDER SIBLING
1032,173_older_sibling-8,,data.nex,405,OLDER SIBLING
1033,174_younger_sibling-10,,data.nex,427,YOUNGER SIBLING
1034,174_younger_sibling-1,,data.nex,427,YOUNGER SIBLING
1035,174_younger_sibling-0,,data.nex,427,YOUNGER SIBLING
1036,174_younger_sibling-3,,data.nex,427,YOUNGER SIBLING
1037,174_younger_sibling-2,,data.nex,427,YOUNGER SIBLING
1038,174_younger_sibling-5,,data.nex,427,YOUNGER SIBLING
1039,174_younger_sibling-4,,data.nex,427,YOUNGER SIBLING
1040,174_younger_sibling-7,,data.nex,427,YOUNGER SIBLING
1041,174_younger_sibling-6,,data.nex,427,YOUNGER SIBLING
1042,174_younger_sibling-9,,data.nex,427,YOUNGER SIBLING
1043,174_younger_sibling-8,,data.nex,427,YOUNGER SIBLING
1044,175_grandmother-1,,data.nex,1496,GRANDMOTHER
1045,175_grandmother-0,,data.nex,1496,GRANDMOTHER
1046,175_grandmother-3,,data.nex,1496,GRANDMOTHER
1047,175_grandmother-2,,data.nex,1496,GRANDMOTHER
1048,175_grandmother-5,,data.nex,1496,GRANDMOTHER
1049,175_grandmother-4,,data.nex,1496,GRANDMOTHER
1050,175_grandmother-7,,data.nex,1496,GRANDMOTHER
1051,175_grandmother-6,,data.nex,1496,GRANDMOTHER
1052,175_grandmother-8,,data.nex,1496,GRANDMOTHER
1053,177_grandchild-1,,data.nex,1617,GRANDCHILD
1054,177_grandchild-0,,data.nex,1617,GRANDCHILD
1055,177_grandchild-3,,data.nex,1617,GRANDCHILD
1056,177_grandchild-2,,data.nex,1617,GRANDCHILD
1057,177_grandchild-5,,data.nex,1617,GRANDCHILD
1058,177_grandchild-4,,data.nex,1617,GRANDCHILD
1059,177_grandchild-7,,data.nex,1617,GRANDCHILD
1060,177_grandchild-6,,data.nex,1617,GRANDCHILD
1061,177_grandchild-8,,data.nex,1617,GRANDCHILD
1062,178_bride_price-1,,data.nex,3024,BRIDE PRICE
1063,178_bride_price-0,,data.nex,3024,BRIDE PRICE
1064,178_bride_price-3,,data.nex,3024,BRIDE PRICE
1065,178_bride_price-2,,data.nex,3024,BRIDE PRICE
1066,178_bride_price-5,,data.nex,3024,BRIDE PRICE
1067,178_bride_price-4,,data.nex,3024,BRIDE PRICE
1068,178_bride_price-6,,data.nex,3024,BRIDE PRICE
1069,179_slave-1,,data.nex,812,SLAVE
1070,179_slave-0,,data.nex,812,SLAVE
1071,179_slave-3,,data.nex,812,SLAVE
1072,179_slave-2,,data.nex,812,SLAVE
1073,179_slave-5,,data.nex,812,SLAVE
1074,179_slave-4,,data.nex,812,SLAVE
1075,179_slave-7,,data.nex,812,SLAVE
1076,179_slave-8,,data.nex,812,SLAVE
1077,180_animal-1,,data.nex,619,ANIMAL
1078,180_animal-0,,data.nex,619,ANIMAL
1079,180_animal-3,,data.nex,619,ANIMAL
1080,180_animal-2,,data.nex,619,ANIMAL
1081,180_animal-5,,data.nex,619,ANIMAL
1082,180_animal-4,,data.nex,619,ANIMAL
1083,181_dog-1,,data.nex,2009,DOG
1084,181_dog-0,,data.nex,2009,DOG
1085,181_dog-3,,data.nex,2009,DOG
1086,181_dog-2,,data.nex,2009,DOG
1087,181_dog-4,,data.nex,2009,DOG
1088,182_pig-0,,data.nex,1337,PIG
1089,183_chicken-1,,data.nex,1318,CHICKEN
1090,183_chicken-0,,data.nex,1318,CHICKEN
1091,183_chicken-2,,data.nex,1318,CHICKEN
1092,183_chicken-5,,data.nex,1318,CHICKEN
1093,183_chicken-4,,data.nex,1318,CHICKEN
1094,183_chicken-7,,data.nex,1318,CHICKEN
1095,183_chicken-6,,data.nex,1318,CHICKEN
1096,183_chicken-8,,data.nex,1318,CHICKEN
1097,184_rat-1,,data.nex,1490,RAT
1098,184_rat-0,,data.nex,1490,RAT
1099,184_rat-2,,data.nex,1490,RAT
1100,186_civet_cat-1,,data.nex,3018,NATIVE CAT
1101,186_civet_cat-0,,data.nex,3018,NATIVE CAT
1102,186_civet_cat-2,,data.nex,3018,NATIVE CAT
1103,186_civet_cat-5,,data.nex,3018,NATIVE CAT
1104,186_civet_cat-4,,data.nex,3018,NATIVE CAT
1105,188_frog-10,,data.nex,503,FROG
1106,188_frog-1,,data.nex,503,FROG
1107,188_frog-0,,data.nex,503,FROG
1108,188_frog-3,,data.nex,503,FROG
1109,188_frog-2,,data.nex,503,FROG
1110,188_frog-5,,data.nex,503,FROG
1111,188_frog-4,,data.nex,503,FROG
1112,188_frog-7,,data.nex,503,FROG
1113,188_frog-6,,data.nex,503,FROG
1114,188_frog-9,,data.nex,503,FROG
1115,188_frog-8,,data.nex,503,FROG
1116,189_bat-1,,data.nex,1793,BAT
1117,189_bat-0,,data.nex,1793,BAT
1118,189_bat-3,,data.nex,1793,BAT
1119,189_bat-2,,data.nex,1793,BAT
1120,189_bat-4,,data.nex,1793,BAT
1121,190_tail-1,,data.nex,1220,TAIL
1122,190_tail-0,,data.nex,1220,TAIL
1123,190_tail-2,,data.nex,1220,TAIL
1124,191_fish-0,,data.nex,227,FISH
1125,192_shark-0,,data.nex,1110,SHARK
1126,192_shark-3,,data.nex,1110,SHARK
1127,192_shark-2,,data.nex,1110,SHARK
1128,192_shark-5,,data.nex,1110,SHARK
1129,192_shark-4,,data.nex,1110,SHARK
1130,192_shark-6,,data.nex,1110,SHARK
1131,193_whale-1,,data.nex,957,WHALE
1132,193_whale-0,,data.nex,957,WHALE
1133,193_whale-3,,data.nex,957,WHALE
1134,193_whale-2,,data.nex,957,WHALE
1135,193_whale-5,,data.nex,957,WHALE
1136,193_whale-4,,data.nex,957,WHALE
1137,193_whale-7,,data.nex,957,WHALE
1138,193_whale-6,,data.nex,957,WHALE
1139,193_whale-8,,data.nex,957,WHALE
1140,195_crocodile-1,,data.nex,1857,CROCODILE
1141,195_crocodile-0,,data.nex,1857,CROCODILE
1142,195_crocodile-3,,data.nex,1857,CROCODILE
1143,195_crocodile-2,,data.nex,1857,CROCODILE
1144,195_crocodile-4,,data.nex,1857,CROCODILE
1145,196_monitor_lizard-1,,data.nex,3017,MONITOR LIZARD
1146,196_monitor_lizard-0,,data.nex,3017,MONITOR LIZARD
1147,196_monitor_lizard-3,,data.nex,3017,MONITOR LIZARD
1148,197_starfish-1,,data.nex,3032,STARFISH
1149,197_starfish-0,,data.nex,3032,STARFISH
1150,197_starfish-2,,data.nex,3032,STARFISH
1151,198_turtle-1,,data.nex,895,TORTOISE
1152,198_turtle-0,,data.nex,895,TORTOISE
1153,198_turtle-3,,data.nex,895,TORTOISE
1154,198_turtle-2,,data.nex,895,TORTOISE
1155,198_turtle-5,,data.nex,895,TORTOISE
1156,198_turtle-4,,data.nex,895,TORTOISE
1157,198_turtle-6,,data.nex,895,TORTOISE
1158,200_bird-1,,data.nex,937,BIRD
1159,200_bird-3,,data.nex,937,BIRD
1160,200_bird-2,,data.nex,937,BIRD
1161,200_bird-5,,data.nex,937,BIRD
1162,200_bird-4,,data.nex,937,BIRD
1163,200_bird-6,,data.nex,937,BIRD
1164,201_wing-0,,data.nex,1257,WING
1165,201_wing-3,,data.nex,1257,WING
1166,201_wing-2,,data.nex,1257,WING
1167,201_wing-5,,data.nex,1257,WING
1168,201_wing-4,,data.nex,1257,WING
1169,201_wing-7,,data.nex,1257,WING
1170,201_wing-6,,data.nex,1257,WING
1171,201_wing-9,,data.nex,1257,WING
1172,203_horn-1,,data.nex,1393,HORN (ANATOMY)
1173,203_horn-0,,data.nex,1393,HORN (ANATOMY)
1174,203_horn-3,,data.nex,1393,HORN (ANATOMY)
1175,203_horn-2,,data.nex,1393,HORN (ANATOMY)
1176,203_horn-5,,data.nex,1393,HORN (ANATOMY)
1177,203_horn-4,,data.nex,1393,HORN (ANATOMY)
1178,204_snake-1,,data.nex,730,SNAKE
1179,204_snake-0,,data.nex,730,SNAKE
1180,204_snake-3,,data.nex,730,SNAKE
1181,204_snake-2,,data.nex,730,SNAKE
1182,204_snake-4,,data.nex,730,SNAKE
1183,205_scorpion-1,,data.nex,1538,SCORPION
1184,205_scorpion-0,,data.nex,1538,SCORPION
1185,205_scorpion-2,,data.nex,1538,SCORPION
1186,206_egg-1,,data.nex,744,EGG
1187,206_egg-0,,data.nex,744,EGG
1188,206_egg-3,,data.nex,744,EGG
1189,206_egg-2,,data.nex,744,EGG
1190,206_egg-5,,data.nex,744,EGG
1191,206_egg-4,,data.nex,744,EGG
1192,206_egg-7,,data.nex,744,EGG
1193,206_egg-6,,data.nex,744,EGG
1194,206_egg-8,,data.nex,744,EGG
1195,207_earthworm-1,,data.nex,2350,EARTHWORM
1196,207_earthworm-0,,data.nex,2350,EARTHWORM
1197,207_earthworm-3,,data.nex,2350,EARTHWORM
1198,207_earthworm-2,,data.nex,2350,EARTHWORM
1199,207_earthworm-5,,data.nex,2350,EARTHWORM
1200,207_earthworm-4,,data.nex,2350,EARTHWORM
1201,207_earthworm-7,,data.nex,2350,EARTHWORM
1202,207_earthworm-6,,data.nex,2350,EARTHWORM
1203,207_earthworm-9,,data.nex,2350,EARTHWORM
1204,207_earthworm-8,,data.nex,2350,EARTHWORM
1205,208_butterfly-10,,data.nex,1791,BUTTERFLY
1206,208_butterfly-1,,data.nex,1791,BUTTERFLY
1207,208_butterfly-0,,data.nex,1791,BUTTERFLY
1208,208_butterfly-3,,data.nex,1791,BUTTERFLY
1209,208_butterfly-2,,data.nex,1791,BUTTERFLY
1210,208_butterfly-5,,data.nex,1791,BUTTERFLY
1211,208_butterfly-4,,data.nex,1791,BUTTERFLY
1212,208_butterfly-7,,data.nex,1791,BUTTERFLY
1213,208_butterfly-6,,data.nex,1791,BUTTERFLY
1214,208_butterfly-9,,data.nex,1791,BUTTERFLY
1215,208_butterfly-8,,data.nex,1791,BUTTERFLY
1216,209_fly_n.-0,,data.nex,1504,FLY (INSECT)
1217,209_fly_n.-3,,data.nex,1504,FLY (INSECT)
1218,209_fly_n.-2,,data.nex,1504,FLY (INSECT)
1219,209_fly_n.-5,,data.nex,1504,FLY (INSECT)
1220,209_fly_n.-4,,data.nex,1504,FLY (INSECT)
1221,209_fly_n.-7,,data.nex,1504,FLY (INSECT)
1222,209_fly_n.-6,,data.nex,1504,FLY (INSECT)
1223,209_fly_n.-8,,data.nex,1504,FLY (INSECT)
1224,210_mosquito-1,,data.nex,1509,MOSQUITO
1225,210_mosquito-0,,data.nex,1509,MOSQUITO
1226,210_mosquito-3,,data.nex,1509,MOSQUITO
1227,210_mosquito-5,,data.nex,1509,MOSQUITO
1228,210_mosquito-4,,data.nex,1509,MOSQUITO
1229,210_mosquito-7,,data.nex,1509,MOSQUITO
1230,210_mosquito-6,,data.nex,1509,MOSQUITO
1231,210_mosquito-8,,data.nex,1509,MOSQUITO
1232,211_ant-11,,data.nex,587,ANT
1233,211_ant-10,,data.nex,587,ANT
1234,211_ant-1,,data.nex,587,ANT
1235,211_ant-0,,data.nex,587,ANT
1236,211_ant-3,,data.nex,587,ANT
1237,211_ant-2,,data.nex,587,ANT
1238,211_ant-5,,data.nex,587,ANT
1239,211_ant-4,,data.nex,587,ANT
1240,211_ant-6,,data.nex,587,ANT
1241,211_ant-9,,data.nex,587,ANT
1242,211_ant-8,,data.nex,587,ANT
1243,212_grasshopper-1,,data.nex,607,GRASSHOPPER
1244,212_grasshopper-0,,data.nex,607,GRASSHOPPER
1245,212_grasshopper-3,,data.nex,607,GRASSHOPPER
1246,212_grasshopper-2,,data.nex,607,GRASSHOPPER
1247,212_grasshopper-4,,data.nex,607,GRASSHOPPER
1248,212_grasshopper-7,,data.nex,607,GRASSHOPPER
1249,212_grasshopper-6,,data.nex,607,GRASSHOPPER
1250,212_grasshopper-8,,data.nex,607,GRASSHOPPER
1251,213_spider-10,,data.nex,843,SPIDER
1252,213_spider-1,,data.nex,843,SPIDER
1253,213_spider-0,,data.nex,843,SPIDER
1254,213_spider-3,,data.nex,843,SPIDER
1255,213_spider-2,,data.nex,843,SPIDER
1256,213_spider-5,,data.nex,843,SPIDER
1257,213_spider-7,,data.nex,843,SPIDER
1258,213_spider-6,,data.nex,843,SPIDER
1259,213_spider-9,,data.nex,843,SPIDER
1260,213_spider-8,,data.nex,843,SPIDER
1261,214_headlice-1,,data.nex,310,HEAD LOUSE
1262,214_headlice-0,,data.nex,310,HEAD LOUSE
1263,214_headlice-2,,data.nex,310,HEAD LOUSE
1264,214_headlice-5,,data.nex,310,HEAD LOUSE
1265,214_headlice-4,,data.nex,310,HEAD LOUSE
1266,214_headlice-6,,data.nex,310,HEAD LOUSE
1267,215_louse_eggs-10,,data.nex,267,NIT
1268,215_louse_eggs-1,,data.nex,267,NIT
1269,215_louse_eggs-0,,data.nex,267,NIT
1270,215_louse_eggs-2,,data.nex,267,NIT
1271,215_louse_eggs-5,,data.nex,267,NIT
1272,215_louse_eggs-7,,data.nex,267,NIT
1273,215_louse_eggs-6,,data.nex,267,NIT
1274,215_louse_eggs-9,,data.nex,267,NIT
1275,215_louse_eggs-8,,data.nex,267,NIT
1276,217_flea-1,,data.nex,232,FLEA
1277,217_flea-0,,data.nex,232,FLEA
1278,217_flea-3,,data.nex,232,FLEA
1279,217_flea-2,,data.nex,232,FLEA
1280,217_flea-4,,data.nex,232,FLEA
1281,217_flea-7,,data.nex,232,FLEA
1282,217_flea-6,,data.nex,232,FLEA
1283,217_flea-8,,data.nex,232,FLEA
1284,218_louse_clothing-1,,data.nex,1392,LOUSE
1285,218_louse_clothing-0,,data.nex,1392,LOUSE
1286,218_louse_clothing-3,,data.nex,1392,LOUSE
1287,218_louse_clothing-2,,data.nex,1392,LOUSE
1288,218_louse_clothing-5,,data.nex,1392,LOUSE
1289,218_louse_clothing-4,,data.nex,1392,LOUSE
1290,218_louse_clothing-7,,data.nex,1392,LOUSE
1291,218_louse_clothing-6,,data.nex,1392,LOUSE
1292,218_louse_clothing-8,,data.nex,1392,LOUSE
1293,219_bedbug-1,,data.nex,1949,BEDBUG
1294,219_bedbug-0,,data.nex,1949,BEDBUG
1295,219_bedbug-3,,data.nex,1949,BEDBUG
1296,219_bedbug-2,,data.nex,1949,BEDBUG
1297,219_bedbug-4,,data.nex,1949,BEDBUG
1298,220_bite_-1,,data.nex,1403,BITE
1299,220_bite_-0,,data.nex,1403,BITE
1300,220_bite_-3,,data.nex,1403,BITE
1301,220_bite_-2,,data.nex,1403,BITE
1302,221_bark_-1,,data.nex,1204,BARK
1303,221_bark_-0,,data.nex,1204,BARK
1304,221_bark_-3,,data.nex,1204,BARK
1305,221_bark_-2,,data.nex,1204,BARK
1306,221_bark_-4,,data.nex,1204,BARK
1307,221_bark_-6,,data.nex,1204,BARK
1308,222_hunt-10,,data.nex,1435,HUNT
1309,222_hunt-1,,data.nex,1435,HUNT
1310,222_hunt-0,,data.nex,1435,HUNT
1311,222_hunt-5,,data.nex,1435,HUNT
1312,222_hunt-4,,data.nex,1435,HUNT
1313,222_hunt-7,,data.nex,1435,HUNT
1314,222_hunt-6,,data.nex,1435,HUNT
1315,222_hunt-9,,data.nex,1435,HUNT
1316,222_hunt-8,,data.nex,1435,HUNT
1317,224_shoot_with_slingshot-1,,data.nex,3180,SHOOT (WITH SLINGSHOT)
1318,224_shoot_with_slingshot-0,,data.nex,3180,SHOOT (WITH SLINGSHOT)
1319,224_shoot_with_slingshot-2,,data.nex,3180,SHOOT (WITH SLINGSHOT)
1320,224_shoot_with_slingshot-5,,data.nex,3180,SHOOT (WITH SLINGSHOT)
1321,224_shoot_with_slingshot-4,,data.nex,3180,SHOOT (WITH SLINGSHOT)
1322,224_shoot_with_slingshot-7,,data.nex,3180,SHOOT (WITH SLINGSHOT)
1323,224_shoot_with_slingshot-6,,data.nex,3180,SHOOT (WITH SLINGSHOT)
1324,224_shoot_with_slingshot-8,,data.nex,3180,SHOOT (WITH SLINGSHOT)
1325,225_hit-10,,data.nex,1433,HIT
1326,225_hit-1,,data.nex,1433,HIT
1327,225_hit-0,,data.nex,1433,HIT
1328,225_hit-3,,data.nex,1433,HIT
1329,225_hit-2,,data.nex,1433,HIT
1330,225_hit-5,,data.nex,1433,HIT
1331,225_hit-4,,data.nex,1433,HIT
1332,225_hit-7,,data.nex,1433,HIT
1333,225_hit-6,,data.nex,1433,HIT
1334,225_hit-9,,data.nex,1433,HIT
1335,225_hit-8,,data.nex,1433,HIT
1336,226_pound-1,,data.nex,354,POUND
1337,226_pound-0,,data.nex,354,POUND
1338,226_pound-3,,data.nex,354,POUND
1339,226_pound-2,,data.nex,354,POUND
1340,226_pound-4,,data.nex,354,POUND
1341,227_hit_drum-1,,data.nex,111,DRUMMING
1342,227_hit_drum-0,,data.nex,111,DRUMMING
1343,227_hit_drum-3,,data.nex,111,DRUMMING
1344,227_hit_drum-2,,data.nex,111,DRUMMING
1345,227_hit_drum-4,,data.nex,111,DRUMMING
1346,228_kill-1,,data.nex,1417,KILL
1347,228_kill-0,,data.nex,1417,KILL
1348,228_kill-3,,data.nex,1417,KILL
1349,228_kill-2,,data.nex,1417,KILL
1350,228_kill-5,,data.nex,1417,KILL
1351,228_kill-4,,data.nex,1417,KILL
1352,229_live-1,,data.nex,1422,BE ALIVE
1353,229_live-0,,data.nex,1422,BE ALIVE
1354,229_live-3,,data.nex,1422,BE ALIVE
1355,229_live-2,,data.nex,1422,BE ALIVE
1356,229_live-5,,data.nex,1422,BE ALIVE
1357,229_live-4,,data.nex,1422,BE ALIVE
1358,229_live-7,,data.nex,1422,BE ALIVE
1359,229_live-6,,data.nex,1422,BE ALIVE
1360,230_breathe-1,,data.nex,1407,BREATHE
1361,230_breathe-0,,data.nex,1407,BREATHE
1362,230_breathe-3,,data.nex,1407,BREATHE
1363,230_breathe-2,,data.nex,1407,BREATHE
1364,230_breathe-5,,data.nex,1407,BREATHE
1365,230_breathe-4,,data.nex,1407,BREATHE
1366,230_breathe-6,,data.nex,1407,BREATHE
1367,231_die-1,,data.nex,1494,DIE
1368,231_die-0,,data.nex,1494,DIE
1369,231_die-3,,data.nex,1494,DIE
1370,231_die-2,,data.nex,1494,DIE
1371,231_die-5,,data.nex,1494,DIE
1372,231_die-4,,data.nex,1494,DIE
1373,232_speak-10,,data.nex,1623,SPEAK
1374,232_speak-1,,data.nex,1623,SPEAK
1375,232_speak-0,,data.nex,1623,SPEAK
1376,232_speak-3,,data.nex,1623,SPEAK
1377,232_speak-2,,data.nex,1623,SPEAK
1378,232_speak-5,,data.nex,1623,SPEAK
1379,232_speak-4,,data.nex,1623,SPEAK
1380,232_speak-7,,data.nex,1623,SPEAK
1381,232_speak-6,,data.nex,1623,SPEAK
1382,232_speak-9,,data.nex,1623,SPEAK
1383,232_speak-8,,data.nex,1623,SPEAK
1384,234_word-1,,data.nex,1599,WORD
1385,234_word-0,,data.nex,1599,WORD
1386,234_word-3,,data.nex,1599,WORD
1387,234_word-2,,data.nex,1599,WORD
1388,234_word-5,,data.nex,1599,WORD
1389,234_word-4,,data.nex,1599,WORD
1390,234_word-7,,data.nex,1599,WORD
1391,234_word-6,,data.nex,1599,WORD
1392,234_word-8,,data.nex,1599,WORD
1393,235_call_out-1,,data.nex,,
1394,235_call_out-0,,data.nex,,
1395,235_call_out-3,,data.nex,,
1396,235_call_out-2,,data.nex,,
1397,235_call_out-5,,data.nex,,
1398,235_call_out-4,,data.nex,,
1399,235_call_out-7,,data.nex,,
1400,235_call_out-6,,data.nex,,
1401,235_call_out-9,,data.nex,,
1402,235_call_out-8,,data.nex,,
1403,236_laugh-1,,data.nex,1355,LAUGH
1404,236_laugh-0,,data.nex,1355,LAUGH
1405,236_laugh-2,,data.nex,1355,LAUGH
1406,237_cry-10,,data.nex,1839,CRY
1407,237_cry-1,,data.nex,1839,CRY
1408,237_cry-0,,data.nex,1839,CRY
1409,237_cry-3,,data.nex,1839,CRY
1410,237_cry-2,,data.nex,1839,CRY
1411,237_cry-5,,data.nex,1839,CRY
1412,237_cry-4,,data.nex,1839,CRY
1413,237_cry-7,,data.nex,1839,CRY
1414,237_cry-6,,data.nex,1839,CRY
1415,237_cry-9,,data.nex,1839,CRY
1416,237_cry-8,,data.nex,1839,CRY
1417,238_dance-1,,data.nex,1879,DANCE
1418,238_dance-0,,data.nex,1879,DANCE
1419,238_dance-3,,data.nex,1879,DANCE
1420,238_dance-2,,data.nex,1879,DANCE
1421,238_dance-5,,data.nex,1879,DANCE
1422,238_dance-4,,data.nex,1879,DANCE
1423,238_dance-7,,data.nex,1879,DANCE
1424,238_dance-6,,data.nex,1879,DANCE
1425,238_dance-8,,data.nex,1879,DANCE
1426,239_sing-1,,data.nex,1261,SING
1427,239_sing-0,,data.nex,1261,SING
1428,239_sing-3,,data.nex,1261,SING
1429,239_sing-2,,data.nex,1261,SING
1430,239_sing-5,,data.nex,1261,SING
1431,239_sing-4,,data.nex,1261,SING
1432,240_lie_tell_untruth-1,,data.nex,601,LIE (MISLEAD)
1433,240_lie_tell_untruth-0,,data.nex,601,LIE (MISLEAD)
1434,240_lie_tell_untruth-2,,data.nex,601,LIE (MISLEAD)
1435,240_lie_tell_untruth-5,,data.nex,601,LIE (MISLEAD)
1436,240_lie_tell_untruth-7,,data.nex,601,LIE (MISLEAD)
1437,240_lie_tell_untruth-6,,data.nex,601,LIE (MISLEAD)
1438,241_ask_question-1,,data.nex,1309,ASK (INQUIRE)
1439,241_ask_question-0,,data.nex,1309,ASK (INQUIRE)
1440,241_ask_question-3,,data.nex,1309,ASK (INQUIRE)
1441,241_ask_question-2,,data.nex,1309,ASK (INQUIRE)
1442,241_ask_question-5,,data.nex,1309,ASK (INQUIRE)
1443,241_ask_question-4,,data.nex,1309,ASK (INQUIRE)
1444,241_ask_question-7,,data.nex,1309,ASK (INQUIRE)
1445,241_ask_question-6,,data.nex,1309,ASK (INQUIRE)
1446,242_count-1,,data.nex,1420,COUNT
1447,242_count-0,,data.nex,1420,COUNT
1448,242_count-2,,data.nex,1420,COUNT
1449,242_count-4,,data.nex,1420,COUNT
1450,243_one-1,,data.nex,1493,ONE
1451,243_one-0,,data.nex,1493,ONE
1452,244_two-1,,data.nex,1498,TWO
1453,244_two-0,,data.nex,1498,TWO
1454,244_two-3,,data.nex,1498,TWO
1455,244_two-2,,data.nex,1498,TWO
1456,244_two-4,,data.nex,1498,TWO
1457,245_three-1,,data.nex,492,THREE
1458,245_three-0,,data.nex,492,THREE
1459,245_three-2,,data.nex,492,THREE
1460,245_three-5,,data.nex,492,THREE
1461,245_three-7,,data.nex,492,THREE
1462,245_three-6,,data.nex,492,THREE
1463,245_three-9,,data.nex,492,THREE
1464,245_three-8,,data.nex,492,THREE
1465,246_four-1,,data.nex,1500,FOUR
1466,246_four-0,,data.nex,1500,FOUR
1467,246_four-3,,data.nex,1500,FOUR
1468,246_four-2,,data.nex,1500,FOUR
1469,246_four-5,,data.nex,1500,FOUR
1470,246_four-4,,data.nex,1500,FOUR
1471,247_five-1,,data.nex,493,FIVE
1472,247_five-0,,data.nex,493,FIVE
1473,248_six-1,,data.nex,1703,SIX
1474,248_six-0,,data.nex,1703,SIX
1475,248_six-3,,data.nex,1703,SIX
1476,248_six-2,,data.nex,1703,SIX
1477,248_six-4,,data.nex,1703,SIX
1478,252_ten-0,,data.nex,1515,TEN
1479,252_ten-3,,data.nex,1515,TEN
1480,252_ten-2,,data.nex,1515,TEN
1481,252_ten-4,,data.nex,1515,TEN
1482,253_eleven-1,,data.nex,1706,ELEVEN
1483,253_eleven-0,,data.nex,1706,ELEVEN
1484,253_eleven-3,,data.nex,1706,ELEVEN
1485,253_eleven-2,,data.nex,1706,ELEVEN
1486,253_eleven-5,,data.nex,1706,ELEVEN
1487,263_one_hundred_thousand-1,,data.nex,3532,ONE HUNDRED THOUSAND
1488,263_one_hundred_thousand-0,,data.nex,3532,ONE HUNDRED THOUSAND
1489,263_one_hundred_thousand-3,,data.nex,3532,ONE HUNDRED THOUSAND
1490,263_one_hundred_thousand-2,,data.nex,3532,ONE HUNDRED THOUSAND
1491,263_one_hundred_thousand-5,,data.nex,3532,ONE HUNDRED THOUSAND
1492,263_one_hundred_thousand-4,,data.nex,3532,ONE HUNDRED THOUSAND
1493,263_one_hundred_thousand-6,,data.nex,3532,ONE HUNDRED THOUSAND
1494,264_big-10,,data.nex,1202,BIG
1495,264_big-1,,data.nex,1202,BIG
1496,264_big-0,,data.nex,1202,BIG
1497,264_big-3,,data.nex,1202,BIG
1498,264_big-2,,data.nex,1202,BIG
1499,264_big-5,,data.nex,1202,BIG
1500,264_big-4,,data.nex,1202,BIG
1501,264_big-7,,data.nex,1202,BIG
1502,264_big-6,,data.nex,1202,BIG
1503,264_big-9,,data.nex,1202,BIG
1504,264_big-8,,data.nex,1202,BIG
1505,265_small-10,,data.nex,1246,SMALL
1506,265_small-1,,data.nex,1246,SMALL
1507,265_small-0,,data.nex,1246,SMALL
1508,265_small-3,,data.nex,1246,SMALL
1509,265_small-2,,data.nex,1246,SMALL
1510,265_small-7,,data.nex,1246,SMALL
1511,265_small-6,,data.nex,1246,SMALL
1512,265_small-9,,data.nex,1246,SMALL
1513,265_small-8,,data.nex,1246,SMALL
1514,266_old_worn-1,,data.nex,1229,OLD
1515,266_old_worn-0,,data.nex,1229,OLD
1516,266_old_worn-3,,data.nex,1229,OLD
1517,266_old_worn-2,,data.nex,1229,OLD
1518,266_old_worn-5,,data.nex,1229,OLD
1519,266_old_worn-4,,data.nex,1229,OLD
1520,266_old_worn-7,,data.nex,1229,OLD
1521,266_old_worn-6,,data.nex,1229,OLD
1522,266_old_worn-9,,data.nex,1229,OLD
1523,266_old_worn-8,,data.nex,1229,OLD
1524,267_new_house-1,,data.nex,1231,NEW
1525,267_new_house-0,,data.nex,1231,NEW
1526,268_old_people-1,,data.nex,2112,OLD (AGED)
1527,268_old_people-0,,data.nex,2112,OLD (AGED)
1528,268_old_people-3,,data.nex,2112,OLD (AGED)
1529,268_old_people-2,,data.nex,2112,OLD (AGED)
1530,268_old_people-5,,data.nex,2112,OLD (AGED)
1531,268_old_people-4,,data.nex,2112,OLD (AGED)
1532,268_old_people-7,,data.nex,2112,OLD (AGED)
1533,268_old_people-6,,data.nex,2112,OLD (AGED)
1534,268_old_people-9,,data.nex,2112,OLD (AGED)
1535,268_old_people-8,,data.nex,2112,OLD (AGED)
1536,269_young_people-10,,data.nex,1207,YOUNG
1537,269_young_people-1,,data.nex,1207,YOUNG
1538,269_young_people-0,,data.nex,1207,YOUNG
1539,269_young_people-3,,data.nex,1207,YOUNG
1540,269_young_people-2,,data.nex,1207,YOUNG
1541,269_young_people-5,,data.nex,1207,YOUNG
1542,269_young_people-4,,data.nex,1207,YOUNG
1543,269_young_people-7,,data.nex,1207,YOUNG
1544,269_young_people-6,,data.nex,1207,YOUNG
1545,269_young_people-9,,data.nex,1207,YOUNG
1546,269_young_people-8,,data.nex,1207,YOUNG
1547,270_lazy-10,,data.nex,1564,LAZY
1548,270_lazy-1,,data.nex,1564,LAZY
1549,270_lazy-0,,data.nex,1564,LAZY
1550,270_lazy-3,,data.nex,1564,LAZY
1551,270_lazy-2,,data.nex,1564,LAZY
1552,270_lazy-5,,data.nex,1564,LAZY
1553,270_lazy-4,,data.nex,1564,LAZY
1554,270_lazy-7,,data.nex,1564,LAZY
1555,270_lazy-6,,data.nex,1564,LAZY
1556,270_lazy-9,,data.nex,1564,LAZY
1557,271_hot-11,,data.nex,1286,HOT
1558,271_hot-10,,data.nex,1286,HOT
1559,271_hot-1,,data.nex,1286,HOT
1560,271_hot-0,,data.nex,1286,HOT
1561,271_hot-3,,data.nex,1286,HOT
1562,271_hot-2,,data.nex,1286,HOT
1563,271_hot-5,,data.nex,1286,HOT
1564,271_hot-4,,data.nex,1286,HOT
1565,271_hot-7,,data.nex,1286,HOT
1566,271_hot-6,,data.nex,1286,HOT
1567,271_hot-9,,data.nex,1286,HOT
1568,271_hot-8,,data.nex,1286,HOT
1569,272_cold-1,,data.nex,1287,COLD
1570,272_cold-0,,data.nex,1287,COLD
1571,272_cold-3,,data.nex,1287,COLD
1572,272_cold-5,,data.nex,1287,COLD
1573,272_cold-4,,data.nex,1287,COLD
1574,272_cold-6,,data.nex,1287,COLD
1575,273_good-0,,data.nex,1035,GOOD
1576,273_good-5,,data.nex,1035,GOOD
1577,273_good-4,,data.nex,1035,GOOD
1578,274_bad-0,,data.nex,1292,BAD
1579,274_bad-3,,data.nex,1292,BAD
1580,274_bad-2,,data.nex,1292,BAD
1581,274_bad-5,,data.nex,1292,BAD
1582,274_bad-4,,data.nex,1292,BAD
1583,275_full-1,,data.nex,1429,FULL
1584,275_full-0,,data.nex,1429,FULL
1585,275_full-3,,data.nex,1429,FULL
1586,275_full-2,,data.nex,1429,FULL
1587,275_full-5,,data.nex,1429,FULL
1588,275_full-4,,data.nex,1429,FULL
1589,275_full-7,,data.nex,1429,FULL
1590,275_full-6,,data.nex,1429,FULL
1591,276_empty-1,,data.nex,1624,EMPTY
1592,276_empty-0,,data.nex,1624,EMPTY
1593,276_empty-3,,data.nex,1624,EMPTY
1594,276_empty-2,,data.nex,1624,EMPTY
1595,276_empty-4,,data.nex,1624,EMPTY
1596,277_wet-11,,data.nex,1726,WET
1597,277_wet-10,,data.nex,1726,WET
1598,277_wet-1,,data.nex,1726,WET
1599,277_wet-0,,data.nex,1726,WET
1600,277_wet-3,,data.nex,1726,WET
1601,277_wet-2,,data.nex,1726,WET
1602,277_wet-5,,data.nex,1726,WET
1603,277_wet-4,,data.nex,1726,WET
1604,277_wet-7,,data.nex,1726,WET
1605,277_wet-6,,data.nex,1726,WET
1606,277_wet-9,,data.nex,1726,WET
1607,277_wet-8,,data.nex,1726,WET
1608,278_dry-1,,data.nex,1398,DRY
1609,278_dry-0,,data.nex,1398,DRY
1610,278_dry-3,,data.nex,1398,DRY
1611,278_dry-2,,data.nex,1398,DRY
1612,279_long-1,,data.nex,1203,LONG
1613,279_long-0,,data.nex,1203,LONG
1614,279_long-3,,data.nex,1203,LONG
1615,279_long-2,,data.nex,1203,LONG
1616,279_long-5,,data.nex,1203,LONG
1617,279_long-4,,data.nex,1203,LONG
1618,279_long-7,,data.nex,1203,LONG
1619,279_long-6,,data.nex,1203,LONG
1620,279_long-9,,data.nex,1203,LONG
1621,279_long-8,,data.nex,1203,LONG
1622,281_tall-1,,data.nex,711,TALL
1623,281_tall-0,,data.nex,711,TALL
1624,281_tall-3,,data.nex,711,TALL
1625,281_tall-2,,data.nex,711,TALL
1626,281_tall-5,,data.nex,711,TALL
1627,281_tall-4,,data.nex,711,TALL
1628,281_tall-7,,data.nex,711,TALL
1629,281_tall-6,,data.nex,711,TALL
1630,281_tall-9,,data.nex,711,TALL
1631,281_tall-8,,data.nex,711,TALL
1632,282_short-1,,data.nex,1645,SHORT
1633,282_short-0,,data.nex,1645,SHORT
1634,282_short-3,,data.nex,1645,SHORT
1635,282_short-2,,data.nex,1645,SHORT
1636,282_short-4,,data.nex,1645,SHORT
1637,284_hungry-1,,data.nex,1533,BE HUNGRY
1638,284_hungry-0,,data.nex,1533,BE HUNGRY
1639,284_hungry-3,,data.nex,1533,BE HUNGRY
1640,284_hungry-2,,data.nex,1533,BE HUNGRY
1641,284_hungry-5,,data.nex,1533,BE HUNGRY
1642,284_hungry-4,,data.nex,1533,BE HUNGRY
1643,284_hungry-7,,data.nex,1533,BE HUNGRY
1644,284_hungry-6,,data.nex,1533,BE HUNGRY
1645,284_hungry-8,,data.nex,1533,BE HUNGRY
1646,286_light-1,,data.nex,630,LIGHT (RADIATION)
1647,286_light-3,,data.nex,630,LIGHT (RADIATION)
1648,286_light-2,,data.nex,630,LIGHT (RADIATION)
1649,286_light-5,,data.nex,630,LIGHT (RADIATION)
1650,286_light-4,,data.nex,630,LIGHT (RADIATION)
1651,286_light-7,,data.nex,630,LIGHT (RADIATION)
1652,286_light-6,,data.nex,630,LIGHT (RADIATION)
1653,286_light-8,,data.nex,630,LIGHT (RADIATION)
1654,287_dirty-0,,data.nex,1230,DIRTY
1655,287_dirty-3,,data.nex,1230,DIRTY
1656,287_dirty-2,,data.nex,1230,DIRTY
1657,287_dirty-5,,data.nex,1230,DIRTY
1658,287_dirty-4,,data.nex,1230,DIRTY
1659,287_dirty-7,,data.nex,1230,DIRTY
1660,287_dirty-6,,data.nex,1230,DIRTY
1661,287_dirty-8,,data.nex,1230,DIRTY
1662,288_clean-10,,data.nex,704,CLEAN
1663,288_clean-1,,data.nex,704,CLEAN
1664,288_clean-0,,data.nex,704,CLEAN
1665,288_clean-3,,data.nex,704,CLEAN
1666,288_clean-2,,data.nex,704,CLEAN
1667,288_clean-5,,data.nex,704,CLEAN
1668,288_clean-4,,data.nex,704,CLEAN
1669,288_clean-7,,data.nex,704,CLEAN
1670,288_clean-6,,data.nex,704,CLEAN
1671,288_clean-9,,data.nex,704,CLEAN
1672,288_clean-8,,data.nex,704,CLEAN
1673,289_sharp-1,,data.nex,1396,SHARP
1674,289_sharp-0,,data.nex,1396,SHARP
1675,289_sharp-3,,data.nex,1396,SHARP
1676,289_sharp-2,,data.nex,1396,SHARP
1677,289_sharp-5,,data.nex,1396,SHARP
1678,289_sharp-4,,data.nex,1396,SHARP
1679,289_sharp-7,,data.nex,1396,SHARP
1680,289_sharp-6,,data.nex,1396,SHARP
1681,290_blunt-10,,data.nex,379,BLUNT
1682,290_blunt-1,,data.nex,379,BLUNT
1683,290_blunt-0,,data.nex,379,BLUNT
1684,290_blunt-3,,data.nex,379,BLUNT
1685,290_blunt-2,,data.nex,379,BLUNT
1686,290_blunt-5,,data.nex,379,BLUNT
1687,290_blunt-4,,data.nex,379,BLUNT
1688,290_blunt-7,,data.nex,379,BLUNT
1689,290_blunt-6,,data.nex,379,BLUNT
1690,290_blunt-9,,data.nex,379,BLUNT
1691,290_blunt-8,,data.nex,379,BLUNT
1692,291_heavy-1,,data.nex,1210,HEAVY
1693,291_heavy-0,,data.nex,1210,HEAVY
1694,291_heavy-3,,data.nex,1210,HEAVY
1695,291_heavy-2,,data.nex,1210,HEAVY
1696,291_heavy-5,,data.nex,1210,HEAVY
1697,291_heavy-4,,data.nex,1210,HEAVY
1698,291_heavy-7,,data.nex,1210,HEAVY
1699,291_heavy-6,,data.nex,1210,HEAVY
1700,291_heavy-8,,data.nex,1210,HEAVY
1701,292_light-1,,data.nex,,
1702,292_light-0,,data.nex,,
1703,292_light-3,,data.nex,,
1704,292_light-2,,data.nex,,
1705,292_light-5,,data.nex,,
1706,292_light-4,,data.nex,,
1707,292_light-7,,data.nex,,
1708,292_light-6,,data.nex,,
1709,293_straight-10,,data.nex,1404,STRAIGHT
1710,293_straight-1,,data.nex,1404,STRAIGHT
1711,293_straight-0,,data.nex,1404,STRAIGHT
1712,293_straight-3,,data.nex,1404,STRAIGHT
1713,293_straight-2,,data.nex,1404,STRAIGHT
1714,293_straight-5,,data.nex,1404,STRAIGHT
1715,293_straight-4,,data.nex,1404,STRAIGHT
1716,293_straight-7,,data.nex,1404,STRAIGHT
1717,293_straight-6,,data.nex,1404,STRAIGHT
1718,293_straight-9,,data.nex,1404,STRAIGHT
1719,293_straight-8,,data.nex,1404,STRAIGHT
1720,294_wide-1,,data.nex,1243,WIDE
1721,294_wide-0,,data.nex,1243,WIDE
1722,294_wide-3,,data.nex,1243,WIDE
1723,294_wide-2,,data.nex,1243,WIDE
1724,294_wide-5,,data.nex,1243,WIDE
1725,294_wide-4,,data.nex,1243,WIDE
1726,294_wide-7,,data.nex,1243,WIDE
1727,294_wide-6,,data.nex,1243,WIDE
1728,294_wide-8,,data.nex,1243,WIDE
1729,295_narrow-11,,data.nex,1267,NARROW
1730,295_narrow-10,,data.nex,1267,NARROW
1731,295_narrow-1,,data.nex,1267,NARROW
1732,295_narrow-0,,data.nex,1267,NARROW
1733,295_narrow-3,,data.nex,1267,NARROW
1734,295_narrow-2,,data.nex,1267,NARROW
1735,295_narrow-5,,data.nex,1267,NARROW
1736,295_narrow-4,,data.nex,1267,NARROW
1737,295_narrow-7,,data.nex,1267,NARROW
1738,295_narrow-6,,data.nex,1267,NARROW
1739,295_narrow-9,,data.nex,1267,NARROW
1740,295_narrow-8,,data.nex,1267,NARROW
1741,296_correct-1,,data.nex,1725,CORRECT (RIGHT)
1742,296_correct-0,,data.nex,1725,CORRECT (RIGHT)
1743,296_correct-3,,data.nex,1725,CORRECT (RIGHT)
1744,296_correct-2,,data.nex,1725,CORRECT (RIGHT)
1745,296_correct-5,,data.nex,1725,CORRECT (RIGHT)
1746,296_correct-4,,data.nex,1725,CORRECT (RIGHT)
1747,296_correct-7,,data.nex,1725,CORRECT (RIGHT)
1748,296_correct-6,,data.nex,1725,CORRECT (RIGHT)
1749,296_correct-8,,data.nex,1725,CORRECT (RIGHT)
1750,297_wrong-10,,data.nex,1390,WRONG
1751,297_wrong-1,,data.nex,1390,WRONG
1752,297_wrong-0,,data.nex,1390,WRONG
1753,297_wrong-3,,data.nex,1390,WRONG
1754,297_wrong-2,,data.nex,1390,WRONG
1755,297_wrong-5,,data.nex,1390,WRONG
1756,297_wrong-4,,data.nex,1390,WRONG
1757,297_wrong-7,,data.nex,1390,WRONG
1758,297_wrong-6,,data.nex,1390,WRONG
1759,297_wrong-9,,data.nex,1390,WRONG
1760,297_wrong-8,,data.nex,1390,WRONG
1761,298_ripe-1,,data.nex,178,RIPE
1762,298_ripe-0,,data.nex,178,RIPE
1763,298_ripe-3,,data.nex,178,RIPE
1764,298_ripe-2,,data.nex,178,RIPE
1765,298_ripe-5,,data.nex,178,RIPE
1766,298_ripe-4,,data.nex,178,RIPE
1767,299_rotten-1,,data.nex,1728,ROTTEN
1768,299_rotten-0,,data.nex,1728,ROTTEN
1769,299_rotten-3,,data.nex,1728,ROTTEN
1770,299_rotten-2,,data.nex,1728,ROTTEN
1771,299_rotten-5,,data.nex,1728,ROTTEN
1772,299_rotten-4,,data.nex,1728,ROTTEN
1773,299_rotten-7,,data.nex,1728,ROTTEN
1774,300_bitter-1,,data.nex,887,BITTER
1775,300_bitter-0,,data.nex,887,BITTER
1776,300_bitter-3,,data.nex,887,BITTER
1777,300_bitter-2,,data.nex,887,BITTER
1778,300_bitter-5,,data.nex,887,BITTER
1779,300_bitter-4,,data.nex,887,BITTER
1780,300_bitter-6,,data.nex,887,BITTER
1781,301_sweet-1,,data.nex,717,SWEET
1782,301_sweet-0,,data.nex,717,SWEET
1783,301_sweet-3,,data.nex,717,SWEET
1784,301_sweet-2,,data.nex,717,SWEET
1785,301_sweet-5,,data.nex,717,SWEET
1786,301_sweet-4,,data.nex,717,SWEET
1787,301_sweet-6,,data.nex,717,SWEET
1788,302_sour-1,,data.nex,1906,SOUR
1789,302_sour-0,,data.nex,1906,SOUR
1790,302_sour-3,,data.nex,1906,SOUR
1791,302_sour-2,,data.nex,1906,SOUR
1792,302_sour-4,,data.nex,1906,SOUR
1793,302_sour-7,,data.nex,1906,SOUR
1794,302_sour-6,,data.nex,1906,SOUR
1795,304_flat-1,,data.nex,1633,FLAT
1796,304_flat-0,,data.nex,1633,FLAT
1797,304_flat-3,,data.nex,1633,FLAT
1798,304_flat-2,,data.nex,1633,FLAT
1799,304_flat-4,,data.nex,1633,FLAT
1800,304_flat-7,,data.nex,1633,FLAT
1801,304_flat-6,,data.nex,1633,FLAT
1802,304_flat-8,,data.nex,1633,FLAT
1803,305_smooth-1,,data.nex,1234,SMOOTH
1804,305_smooth-0,,data.nex,1234,SMOOTH
1805,305_smooth-3,,data.nex,1234,SMOOTH
1806,305_smooth-2,,data.nex,1234,SMOOTH
1807,306_rough-1,,data.nex,1923,ROUGH
1808,306_rough-0,,data.nex,1923,ROUGH
1809,306_rough-3,,data.nex,1923,ROUGH
1810,306_rough-5,,data.nex,1923,ROUGH
1811,306_rough-4,,data.nex,1923,ROUGH
1812,306_rough-7,,data.nex,1923,ROUGH
1813,306_rough-6,,data.nex,1923,ROUGH
1814,306_rough-9,,data.nex,1923,ROUGH
1815,306_rough-8,,data.nex,1923,ROUGH
1816,307_thick-1,,data.nex,1244,THICK
1817,307_thick-0,,data.nex,1244,THICK
1818,307_thick-3,,data.nex,1244,THICK
1819,307_thick-2,,data.nex,1244,THICK
1820,307_thick-5,,data.nex,1244,THICK
1821,307_thick-4,,data.nex,1244,THICK
1822,308_thin-1,,data.nex,2308,THIN
1823,308_thin-0,,data.nex,2308,THIN
1824,308_thin-3,,data.nex,2308,THIN
1825,308_thin-2,,data.nex,2308,THIN
1826,308_thin-5,,data.nex,2308,THIN
1827,308_thin-4,,data.nex,2308,THIN
1828,308_thin-7,,data.nex,2308,THIN
1829,308_thin-6,,data.nex,2308,THIN
1830,309_sick_painful-1,,data.nex,2103,PAINFUL OR SICK
1831,309_sick_painful-0,,data.nex,2103,PAINFUL OR SICK
1832,309_sick_painful-3,,data.nex,2103,PAINFUL OR SICK
1833,309_sick_painful-2,,data.nex,2103,PAINFUL OR SICK
1834,309_sick_painful-5,,data.nex,2103,PAINFUL OR SICK
1835,309_sick_painful-4,,data.nex,2103,PAINFUL OR SICK
1836,309_sick_painful-7,,data.nex,2103,PAINFUL OR SICK
1837,309_sick_painful-6,,data.nex,2103,PAINFUL OR SICK
1838,309_sick_painful-9,,data.nex,2103,PAINFUL OR SICK
1839,310_shy_ashamed-1,,data.nex,3805,SHY OR ASHAMED
1840,310_shy_ashamed-0,,data.nex,3805,SHY OR ASHAMED
1841,310_shy_ashamed-2,,data.nex,3805,SHY OR ASHAMED
1842,310_shy_ashamed-5,,data.nex,3805,SHY OR ASHAMED
1843,310_shy_ashamed-4,,data.nex,3805,SHY OR ASHAMED
1844,310_shy_ashamed-6,,data.nex,3805,SHY OR ASHAMED
1845,311_black-1,,data.nex,163,BLACK
1846,311_black-0,,data.nex,163,BLACK
1847,311_black-2,,data.nex,163,BLACK
1848,312_white-1,,data.nex,1335,WHITE
1849,312_white-0,,data.nex,1335,WHITE
1850,312_white-3,,data.nex,1335,WHITE
1851,312_white-2,,data.nex,1335,WHITE
1852,312_white-5,,data.nex,1335,WHITE
1853,312_white-4,,data.nex,1335,WHITE
1854,312_white-7,,data.nex,1335,WHITE
1855,312_white-6,,data.nex,1335,WHITE
1856,313_red-1,,data.nex,156,RED
1857,313_red-0,,data.nex,156,RED
1858,313_red-3,,data.nex,156,RED
1859,313_red-2,,data.nex,156,RED
1860,313_red-5,,data.nex,156,RED
1861,313_red-4,,data.nex,156,RED
1862,314_green-1,,data.nex,1425,GREEN
1863,314_green-0,,data.nex,1425,GREEN
1864,314_green-3,,data.nex,1425,GREEN
1865,314_green-2,,data.nex,1425,GREEN
1866,314_green-5,,data.nex,1425,GREEN
1867,314_green-4,,data.nex,1425,GREEN
1868,314_green-7,,data.nex,1425,GREEN
1869,314_green-6,,data.nex,1425,GREEN
1870,314_green-9,,data.nex,1425,GREEN
1871,314_green-8,,data.nex,1425,GREEN
1872,316_yellow-1,,data.nex,1424,YELLOW
1873,316_yellow-0,,data.nex,1424,YELLOW
1874,316_yellow-3,,data.nex,1424,YELLOW
1875,316_yellow-2,,data.nex,1424,YELLOW
1876,316_yellow-4,,data.nex,1424,YELLOW
1877,318_deaf-10,,data.nex,996,DEAF
1878,318_deaf-1,,data.nex,996,DEAF
1879,318_deaf-0,,data.nex,996,DEAF
1880,318_deaf-3,,data.nex,996,DEAF
1881,318_deaf-2,,data.nex,996,DEAF
1882,318_deaf-5,,data.nex,996,DEAF
1883,318_deaf-4,,data.nex,996,DEAF
1884,318_deaf-7,,data.nex,996,DEAF
1885,318_deaf-6,,data.nex,996,DEAF
1886,318_deaf-9,,data.nex,996,DEAF
1887,318_deaf-8,,data.nex,996,DEAF
1888,319_see-10,,data.nex,1409,SEE
1889,319_see-1,,data.nex,1409,SEE
1890,319_see-0,,data.nex,1409,SEE
1891,319_see-3,,data.nex,1409,SEE
1892,319_see-2,,data.nex,1409,SEE
1893,319_see-5,,data.nex,1409,SEE
1894,319_see-4,,data.nex,1409,SEE
1895,319_see-7,,data.nex,1409,SEE
1896,319_see-9,,data.nex,1409,SEE
1897,319_see-8,,data.nex,1409,SEE
1898,320_hear-1,,data.nex,1408,HEAR
1899,320_hear-0,,data.nex,1408,HEAR
1900,320_hear-3,,data.nex,1408,HEAR
1901,320_hear-2,,data.nex,1408,HEAR
1902,320_hear-5,,data.nex,1408,HEAR
1903,321_smell-1,,data.nex,1586,SMELL (PERCEIVE)
1904,321_smell-0,,data.nex,1586,SMELL (PERCEIVE)
1905,321_smell-3,,data.nex,1586,SMELL (PERCEIVE)
1906,321_smell-2,,data.nex,1586,SMELL (PERCEIVE)
1907,321_smell-5,,data.nex,1586,SMELL (PERCEIVE)
1908,321_smell-4,,data.nex,1586,SMELL (PERCEIVE)
1909,321_smell-7,,data.nex,1586,SMELL (PERCEIVE)
1910,321_smell-6,,data.nex,1586,SMELL (PERCEIVE)
1911,322_think-10,,data.nex,2271,THINK
1912,322_think-1,,data.nex,2271,THINK
1913,322_think-0,,data.nex,2271,THINK
1914,322_think-3,,data.nex,2271,THINK
1915,322_think-2,,data.nex,2271,THINK
1916,322_think-5,,data.nex,2271,THINK
1917,322_think-4,,data.nex,2271,THINK
1918,322_think-7,,data.nex,2271,THINK
1919,322_think-6,,data.nex,2271,THINK
1920,322_think-9,,data.nex,2271,THINK
1921,322_think-8,,data.nex,2271,THINK
1922,323_know-1,,data.nex,3626,KNOW
1923,323_know-0,,data.nex,3626,KNOW
1924,323_know-3,,data.nex,3626,KNOW
1925,323_know-2,,data.nex,3626,KNOW
1926,323_know-5,,data.nex,3626,KNOW
1927,323_know-4,,data.nex,3626,KNOW
1928,323_know-7,,data.nex,3626,KNOW
1929,323_know-6,,data.nex,3626,KNOW
1930,323_know-9,,data.nex,3626,KNOW
1931,323_know-8,,data.nex,3626,KNOW
1932,324_dream-1,,data.nex,2374,DREAM
1933,324_dream-0,,data.nex,2374,DREAM
1934,324_dream-3,,data.nex,2374,DREAM
1935,324_dream-2,,data.nex,2374,DREAM
1936,324_dream-5,,data.nex,2374,DREAM
1937,324_dream-4,,data.nex,2374,DREAM
1938,325_lie_down_1-1,,data.nex,215,LIE DOWN
1939,325_lie_down_1-0,,data.nex,215,LIE DOWN
1940,325_lie_down_2-1,,data.nex,215,LIE DOWN
1941,325_lie_down_2-0,,data.nex,215,LIE DOWN
1942,328_wake_s.o_up-1,,data.nex,3174,WAKE UP (SOMEONE)
1943,328_wake_s.o_up-0,,data.nex,3174,WAKE UP (SOMEONE)
1944,328_wake_s.o_up-3,,data.nex,3174,WAKE UP (SOMEONE)
1945,328_wake_s.o_up-2,,data.nex,3174,WAKE UP (SOMEONE)
1946,328_wake_s.o_up-5,,data.nex,3174,WAKE UP (SOMEONE)
1947,328_wake_s.o_up-4,,data.nex,3174,WAKE UP (SOMEONE)
1948,328_wake_s.o_up-6,,data.nex,3174,WAKE UP (SOMEONE)
1949,329_sit-1,,data.nex,1416,SIT
1950,329_sit-0,,data.nex,1416,SIT
1951,330_stand-1,,data.nex,1442,STAND
1952,330_stand-0,,data.nex,1442,STAND
1953,330_stand-3,,data.nex,1442,STAND
1954,330_stand-2,,data.nex,1442,STAND
1955,330_stand-5,,data.nex,1442,STAND
1956,330_stand-4,,data.nex,1442,STAND
1957,331_squat_crouch-1,,data.nex,296,CROUCH
1958,331_squat_crouch-0,,data.nex,296,CROUCH
1959,331_squat_crouch-3,,data.nex,296,CROUCH
1960,331_squat_crouch-2,,data.nex,296,CROUCH
1961,331_squat_crouch-5,,data.nex,296,CROUCH
1962,331_squat_crouch-4,,data.nex,296,CROUCH
1963,332_walk-1,,data.nex,1443,WALK
1964,332_walk-0,,data.nex,1443,WALK
1965,332_walk-3,,data.nex,1443,WALK
1966,332_walk-2,,data.nex,1443,WALK
1967,332_walk-4,,data.nex,1443,WALK
1968,332_walk-1,,data.nex,1443,WALK
1969,332_walk-0,,data.nex,1443,WALK
1970,332_walk-3,,data.nex,1443,WALK
1971,332_walk-2,,data.nex,1443,WALK
1972,332_walk-4,,data.nex,1443,WALK
1973,333_run-1,,data.nex,1519,RUN
1974,333_run-0,,data.nex,1519,RUN
1975,333_run-3,,data.nex,1519,RUN
1976,333_run-2,,data.nex,1519,RUN
1977,333_run-5,,data.nex,1519,RUN
1978,333_run-4,,data.nex,1519,RUN
1979,333_run-6,,data.nex,1519,RUN
1980,334_swim-1,,data.nex,1439,SWIM
1981,334_swim-0,,data.nex,1439,SWIM
1982,334_swim-3,,data.nex,1439,SWIM
1983,334_swim-2,,data.nex,1439,SWIM
1984,334_swim-5,,data.nex,1439,SWIM
1985,334_swim-7,,data.nex,1439,SWIM
1986,334_swim-6,,data.nex,1439,SWIM
1987,334_swim-8,,data.nex,1439,SWIM
1988,335_fly-1,,data.nex,1441,FLY (MOVE THROUGH AIR)
1989,335_fly-0,,data.nex,1441,FLY (MOVE THROUGH AIR)
1990,336_fall_from_above-1,,data.nex,1280,FALL
1991,336_fall_from_above-0,,data.nex,1280,FALL
1992,336_fall_from_above-3,,data.nex,1280,FALL
1993,336_fall_from_above-2,,data.nex,1280,FALL
1994,336_fall_from_above-5,,data.nex,1280,FALL
1995,336_fall_from_above-4,,data.nex,1280,FALL
1996,336_fall_from_above-7,,data.nex,1280,FALL
1997,336_fall_from_above-6,,data.nex,1280,FALL
1998,337_fall_over-1,,data.nex,2894,TUMBLE (FALL DOWN)
1999,337_fall_over-0,,data.nex,2894,TUMBLE (FALL DOWN)
2000,337_fall_over-3,,data.nex,2894,TUMBLE (FALL DOWN)
2001,337_fall_over-2,,data.nex,2894,TUMBLE (FALL DOWN)
2002,337_fall_over-5,,data.nex,2894,TUMBLE (FALL DOWN)
2003,337_fall_over-4,,data.nex,2894,TUMBLE (FALL DOWN)
2004,337_fall_over-7,,data.nex,2894,TUMBLE (FALL DOWN)
2005,337_fall_over-6,,data.nex,2894,TUMBLE (FALL DOWN)
2006,337_fall_over-9,,data.nex,2894,TUMBLE (FALL DOWN)
2007,337_fall_over-8,,data.nex,2894,TUMBLE (FALL DOWN)
2008,338_drop-11,,data.nex,750,DROP
2009,338_drop-10,,data.nex,750,DROP
2010,338_drop-1,,data.nex,750,DROP
2011,338_drop-0,,data.nex,750,DROP
2012,338_drop-3,,data.nex,750,DROP
2013,338_drop-2,,data.nex,750,DROP
2014,338_drop-4,,data.nex,750,DROP
2015,338_drop-7,,data.nex,750,DROP
2016,338_drop-6,,data.nex,750,DROP
2017,338_drop-8,,data.nex,750,DROP
2018,339_bathe-1,,data.nex,138,BATHE
2019,339_bathe-0,,data.nex,138,BATHE
2020,339_bathe-2,,data.nex,138,BATHE
2021,341_wash-10,,data.nex,1453,WASH
2022,341_wash-1,,data.nex,1453,WASH
2023,341_wash-0,,data.nex,1453,WASH
2024,341_wash-3,,data.nex,1453,WASH
2025,341_wash-2,,data.nex,1453,WASH
2026,341_wash-5,,data.nex,1453,WASH
2027,341_wash-4,,data.nex,1453,WASH
2028,341_wash-7,,data.nex,1453,WASH
2029,341_wash-6,,data.nex,1453,WASH
2030,341_wash-9,,data.nex,1453,WASH
2031,341_wash-8,,data.nex,1453,WASH
2032,342_cook-1,,data.nex,1100,COOK (SOMETHING)
2033,342_cook-0,,data.nex,1100,COOK (SOMETHING)
2034,342_cook-3,,data.nex,1100,COOK (SOMETHING)
2035,342_cook-2,,data.nex,1100,COOK (SOMETHING)
2036,342_cook-5,,data.nex,1100,COOK (SOMETHING)
2037,342_cook-4,,data.nex,1100,COOK (SOMETHING)
2038,343_drink-1,,data.nex,1401,DRINK
2039,343_drink-0,,data.nex,1401,DRINK
2040,343_drink-3,,data.nex,1401,DRINK
2041,343_drink-2,,data.nex,1401,DRINK
2042,343_drink-5,,data.nex,1401,DRINK
2043,343_drink-4,,data.nex,1401,DRINK
2044,344_eat-1,,data.nex,1336,EAT
2045,344_eat-0,,data.nex,1336,EAT
2046,344_eat-3,,data.nex,1336,EAT
2047,344_eat-2,,data.nex,1336,EAT
2048,345_chew-1,,data.nex,321,CHEW
2049,345_chew-0,,data.nex,321,CHEW
2050,345_chew-3,,data.nex,321,CHEW
2051,345_chew-2,,data.nex,321,CHEW
2052,345_chew-5,,data.nex,321,CHEW
2053,345_chew-4,,data.nex,321,CHEW
2054,345_chew-7,,data.nex,321,CHEW
2055,345_chew-6,,data.nex,321,CHEW
2056,345_chew-9,,data.nex,321,CHEW
2057,345_chew-8,,data.nex,321,CHEW
2058,346_suck-10,,data.nex,1421,SUCK
2059,346_suck-1,,data.nex,1421,SUCK
2060,346_suck-0,,data.nex,1421,SUCK
2061,346_suck-3,,data.nex,1421,SUCK
2062,346_suck-2,,data.nex,1421,SUCK
2063,346_suck-5,,data.nex,1421,SUCK
2064,346_suck-4,,data.nex,1421,SUCK
2065,346_suck-7,,data.nex,1421,SUCK
2066,346_suck-6,,data.nex,1421,SUCK
2067,346_suck-9,,data.nex,1421,SUCK
2068,346_suck-8,,data.nex,1421,SUCK
2069,348_spit-1,,data.nex,1440,SPIT
2070,348_spit-0,,data.nex,1440,SPIT
2071,348_spit-3,,data.nex,1440,SPIT
2072,348_spit-2,,data.nex,1440,SPIT
2073,348_spit-4,,data.nex,1440,SPIT
2074,349_vomit-1,,data.nex,1278,VOMIT
2075,349_vomit-0,,data.nex,1278,VOMIT
2076,349_vomit-3,,data.nex,1278,VOMIT
2077,349_vomit-2,,data.nex,1278,VOMIT
2078,349_vomit-5,,data.nex,1278,VOMIT
2079,349_vomit-4,,data.nex,1278,VOMIT
2080,349_vomit-7,,data.nex,1278,VOMIT
2081,349_vomit-6,,data.nex,1278,VOMIT
2082,350_yawn-0,,data.nex,1028,YAWN
2083,350_yawn-3,,data.nex,1028,YAWN
2084,350_yawn-2,,data.nex,1028,YAWN
2085,350_yawn-5,,data.nex,1028,YAWN
2086,350_yawn-4,,data.nex,1028,YAWN
2087,351_rub-0,,data.nex,1449,RUB
2088,351_rub-3,,data.nex,1449,RUB
2089,351_rub-2,,data.nex,1449,RUB
2090,351_rub-5,,data.nex,1449,RUB
2091,351_rub-4,,data.nex,1449,RUB
2092,351_rub-7,,data.nex,1449,RUB
2093,351_rub-6,,data.nex,1449,RUB
2094,351_rub-8,,data.nex,1449,RUB
2095,352_scratch-1,,data.nex,1436,SCRATCH
2096,352_scratch-0,,data.nex,1436,SCRATCH
2097,352_scratch-3,,data.nex,1436,SCRATCH
2098,352_scratch-2,,data.nex,1436,SCRATCH
2099,352_scratch-5,,data.nex,1436,SCRATCH
2100,352_scratch-4,,data.nex,1436,SCRATCH
2101,353_itchy-1,,data.nex,149,ITCHY
2102,353_itchy-0,,data.nex,149,ITCHY
2103,353_itchy-3,,data.nex,149,ITCHY
2104,353_itchy-2,,data.nex,149,ITCHY
2105,354_swell-1,,data.nex,1573,SWELL
2106,354_swell-0,,data.nex,1573,SWELL
2107,354_swell-3,,data.nex,1573,SWELL
2108,354_swell-2,,data.nex,1573,SWELL
2109,354_swell-4,,data.nex,1573,SWELL
2110,355_wait-1,,data.nex,1590,WAIT (FOR)
2111,355_wait-0,,data.nex,1590,WAIT (FOR)
2112,355_wait-3,,data.nex,1590,WAIT (FOR)
2113,355_wait-2,,data.nex,1590,WAIT (FOR)
2114,355_wait-5,,data.nex,1590,WAIT (FOR)
2115,355_wait-4,,data.nex,1590,WAIT (FOR)
2116,355_wait-7,,data.nex,1590,WAIT (FOR)
2117,355_wait-6,,data.nex,1590,WAIT (FOR)
2118,355_wait-9,,data.nex,1590,WAIT (FOR)
2119,355_wait-8,,data.nex,1590,WAIT (FOR)
2120,357_fold-10,,data.nex,1470,FOLD
2121,357_fold-1,,data.nex,1470,FOLD
2122,357_fold-0,,data.nex,1470,FOLD
2123,357_fold-3,,data.nex,1470,FOLD
2124,357_fold-2,,data.nex,1470,FOLD
2125,357_fold-4,,data.nex,1470,FOLD
2126,357_fold-7,,data.nex,1470,FOLD
2127,357_fold-6,,data.nex,1470,FOLD
2128,357_fold-9,,data.nex,1470,FOLD
2129,357_fold-8,,data.nex,1470,FOLD
2130,358_give-1,,data.nex,1447,GIVE
2131,358_give-0,,data.nex,1447,GIVE
2132,358_give-2,,data.nex,1447,GIVE
2133,359_help-1,,data.nex,1897,HELP
2134,359_help-0,,data.nex,1897,HELP
2135,359_help-3,,data.nex,1897,HELP
2136,359_help-2,,data.nex,1897,HELP
2137,359_help-5,,data.nex,1897,HELP
2138,359_help-4,,data.nex,1897,HELP
2139,359_help-7,,data.nex,1897,HELP
2140,359_help-6,,data.nex,1897,HELP
2141,360_wipe-11,,data.nex,1454,WIPE
2142,360_wipe-10,,data.nex,1454,WIPE
2143,360_wipe-1,,data.nex,1454,WIPE
2144,360_wipe-0,,data.nex,1454,WIPE
2145,360_wipe-3,,data.nex,1454,WIPE
2146,360_wipe-2,,data.nex,1454,WIPE
2147,360_wipe-5,,data.nex,1454,WIPE
2148,360_wipe-4,,data.nex,1454,WIPE
2149,360_wipe-7,,data.nex,1454,WIPE
2150,360_wipe-6,,data.nex,1454,WIPE
2151,360_wipe-9,,data.nex,1454,WIPE
2152,360_wipe-8,,data.nex,1454,WIPE
2153,362_burn_shine-1,,data.nex,2102,BURN
2154,362_burn_shine-0,,data.nex,2102,BURN
2155,362_burn_shine-3,,data.nex,2102,BURN
2156,362_burn_shine-2,,data.nex,2102,BURN
2157,362_burn_shine-5,,data.nex,2102,BURN
2158,362_burn_shine-4,,data.nex,2102,BURN
2159,362_burn_shine-7,,data.nex,2102,BURN
2160,362_burn_shine-6,,data.nex,2102,BURN
2161,362_burn_shine-8,,data.nex,2102,BURN
2162,363_shine-1,,data.nex,708,SHINE
2163,363_shine-0,,data.nex,708,SHINE
2164,363_shine-3,,data.nex,708,SHINE
2165,363_shine-2,,data.nex,708,SHINE
2166,363_shine-5,,data.nex,708,SHINE
2167,363_shine-7,,data.nex,708,SHINE
2168,363_shine-6,,data.nex,708,SHINE
2169,363_shine-8,,data.nex,708,SHINE
2170,365_dry_in_sun-1,,data.nex,3364,DRY IN SUN
2171,365_dry_in_sun-0,,data.nex,3364,DRY IN SUN
2172,365_dry_in_sun-3,,data.nex,3364,DRY IN SUN
2173,365_dry_in_sun-2,,data.nex,3364,DRY IN SUN
2174,365_dry_in_sun-5,,data.nex,3364,DRY IN SUN
2175,365_dry_in_sun-7,,data.nex,3364,DRY IN SUN
2176,365_dry_in_sun-6,,data.nex,3364,DRY IN SUN
2177,366_search-1,,data.nex,1468,LOOK FOR
2178,366_search-0,,data.nex,1468,LOOK FOR
2179,366_search-3,,data.nex,1468,LOOK FOR
2180,366_search-2,,data.nex,1468,LOOK FOR
2181,366_search-5,,data.nex,1468,LOOK FOR
2182,366_search-4,,data.nex,1468,LOOK FOR
2183,366_search-6,,data.nex,1468,LOOK FOR
2184,368_chase_away_expel-1,,data.nex,30,DISPEL
2185,368_chase_away_expel-0,,data.nex,30,DISPEL
2186,368_chase_away_expel-3,,data.nex,30,DISPEL
2187,368_chase_away_expel-2,,data.nex,30,DISPEL
2188,368_chase_away_expel-5,,data.nex,30,DISPEL
2189,368_chase_away_expel-4,,data.nex,30,DISPEL
2190,368_chase_away_expel-6,,data.nex,30,DISPEL
2191,369_cut-10,,data.nex,1432,CUT
2192,369_cut-1,,data.nex,1432,CUT
2193,369_cut-0,,data.nex,1432,CUT
2194,369_cut-3,,data.nex,1432,CUT
2195,369_cut-2,,data.nex,1432,CUT
2196,369_cut-5,,data.nex,1432,CUT
2197,369_cut-4,,data.nex,1432,CUT
2198,369_cut-6,,data.nex,1432,CUT
2199,369_cut-9,,data.nex,1432,CUT
2200,369_cut-8,,data.nex,1432,CUT
2201,370_cut_down-1,,data.nex,355,CUT DOWN
2202,370_cut_down-0,,data.nex,355,CUT DOWN
2203,370_cut_down-3,,data.nex,355,CUT DOWN
2204,370_cut_down-2,,data.nex,355,CUT DOWN
2205,370_cut_down-5,,data.nex,355,CUT DOWN
2206,370_cut_down-4,,data.nex,355,CUT DOWN
2207,370_cut_down-7,,data.nex,355,CUT DOWN
2208,370_cut_down-6,,data.nex,355,CUT DOWN
2209,370_cut_down-8,,data.nex,355,CUT DOWN
2210,371_split-1,,data.nex,1437,SPLIT
2211,371_split-0,,data.nex,1437,SPLIT
2212,371_split-2,,data.nex,1437,SPLIT
2213,371_split-5,,data.nex,1437,SPLIT
2214,371_split-4,,data.nex,1437,SPLIT
2215,371_split-7,,data.nex,1437,SPLIT
2216,371_split-6,,data.nex,1437,SPLIT
2217,371_split-9,,data.nex,1437,SPLIT
2218,371_split-8,,data.nex,1437,SPLIT
2219,372_divide-1,,data.nex,1119,DIVIDE
2220,372_divide-0,,data.nex,1119,DIVIDE
2221,372_divide-3,,data.nex,1119,DIVIDE
2222,372_divide-2,,data.nex,1119,DIVIDE
2223,372_divide-5,,data.nex,1119,DIVIDE
2224,372_divide-4,,data.nex,1119,DIVIDE
2225,372_divide-7,,data.nex,1119,DIVIDE
2226,372_divide-6,,data.nex,1119,DIVIDE
2227,372_divide-9,,data.nex,1119,DIVIDE
2228,372_divide-8,,data.nex,1119,DIVIDE
2229,373_stab-1,,data.nex,1434,STAB
2230,373_stab-0,,data.nex,1434,STAB
2231,373_stab-3,,data.nex,1434,STAB
2232,373_stab-2,,data.nex,1434,STAB
2233,374_fight-1,,data.nex,1423,FIGHT
2234,374_fight-0,,data.nex,1423,FIGHT
2235,374_fight-3,,data.nex,1423,FIGHT
2236,374_fight-2,,data.nex,1423,FIGHT
2237,374_fight-4,,data.nex,1423,FIGHT
2238,374_fight-7,,data.nex,1423,FIGHT
2239,374_fight-6,,data.nex,1423,FIGHT
2240,374_fight-8,,data.nex,1423,FIGHT
2241,375_guard-1,,data.nex,1940,GUARD
2242,375_guard-0,,data.nex,1940,GUARD
2243,375_guard-3,,data.nex,1940,GUARD
2244,375_guard-2,,data.nex,1940,GUARD
2245,375_guard-5,,data.nex,1940,GUARD
2246,375_guard-4,,data.nex,1940,GUARD
2247,376_scared-1,,data.nex,3033,SCARED
2248,376_scared-0,,data.nex,3033,SCARED
2249,376_scared-3,,data.nex,3033,SCARED
2250,376_scared-2,,data.nex,3033,SCARED
2251,376_scared-5,,data.nex,3033,SCARED
2252,376_scared-4,,data.nex,3033,SCARED
2253,376_scared-7,,data.nex,3033,SCARED
2254,376_scared-6,,data.nex,3033,SCARED
2255,376_scared-9,,data.nex,3033,SCARED
2256,376_scared-8,,data.nex,3033,SCARED
2257,377_angry-1,,data.nex,1826,ANGRY
2258,377_angry-0,,data.nex,1826,ANGRY
2259,377_angry-3,,data.nex,1826,ANGRY
2260,377_angry-2,,data.nex,1826,ANGRY
2261,377_angry-5,,data.nex,1826,ANGRY
2262,377_angry-4,,data.nex,1826,ANGRY
2263,377_angry-7,,data.nex,1826,ANGRY
2264,377_angry-6,,data.nex,1826,ANGRY
2265,377_angry-9,,data.nex,1826,ANGRY
2266,377_angry-8,,data.nex,1826,ANGRY
2267,378_throw-1,,data.nex,1456,THROW
2268,378_throw-0,,data.nex,1456,THROW
2269,378_throw-3,,data.nex,1456,THROW
2270,378_throw-2,,data.nex,1456,THROW
2271,378_throw-5,,data.nex,1456,THROW
2272,378_throw-4,,data.nex,1456,THROW
2273,379_dig-1,,data.nex,1418,DIG
2274,379_dig-0,,data.nex,1418,DIG
2275,379_dig-3,,data.nex,1418,DIG
2276,379_dig-2,,data.nex,1418,DIG
2277,379_dig-5,,data.nex,1418,DIG
2278,379_dig-4,,data.nex,1418,DIG
2279,380_bury-1,,data.nex,1719,BURY
2280,380_bury-0,,data.nex,1719,BURY
2281,380_bury-2,,data.nex,1719,BURY
2282,380_bury-5,,data.nex,1719,BURY
2283,380_bury-4,,data.nex,1719,BURY
2284,380_bury-7,,data.nex,1719,BURY
2285,380_bury-6,,data.nex,1719,BURY
2286,380_bury-9,,data.nex,1719,BURY
2287,380_bury-8,,data.nex,1719,BURY
2288,381_float-1,,data.nex,1574,FLOAT
2289,381_float-0,,data.nex,1574,FLOAT
2290,381_float-3,,data.nex,1574,FLOAT
2291,381_float-2,,data.nex,1574,FLOAT
2292,381_float-5,,data.nex,1574,FLOAT
2293,381_float-4,,data.nex,1574,FLOAT
2294,381_float-7,,data.nex,1574,FLOAT
2295,381_float-6,,data.nex,1574,FLOAT
2296,382_flow-1,,data.nex,2003,FLOW
2297,382_flow-0,,data.nex,2003,FLOW
2298,382_flow-3,,data.nex,2003,FLOW
2299,382_flow-2,,data.nex,2003,FLOW
2300,382_flow-4,,data.nex,2003,FLOW
2301,383_hold_1-0,,data.nex,1448,HOLD
2302,383_hold_2-1,,data.nex,1448,HOLD
2303,383_hold_2-0,,data.nex,1448,HOLD
2304,383_hold_3-1,,data.nex,1448,HOLD
2305,383_hold_3-0,,data.nex,1448,HOLD
2306,383_hold_4-1,,data.nex,1448,HOLD
2307,383_hold_4-0,,data.nex,1448,HOLD
2308,384_tie-1,,data.nex,1917,TIE
2309,384_tie-0,,data.nex,1917,TIE
2310,384_tie-3,,data.nex,1917,TIE
2311,384_tie-2,,data.nex,1917,TIE
2312,384_tie-5,,data.nex,1917,TIE
2313,384_tie-4,,data.nex,1917,TIE
2314,384_tie-7,,data.nex,1917,TIE
2315,384_tie-6,,data.nex,1917,TIE
2316,385_play-1,,data.nex,1413,PLAY
2317,385_play-0,,data.nex,1413,PLAY
2318,385_play-3,,data.nex,1413,PLAY
2319,385_play-2,,data.nex,1413,PLAY
2320,385_play-5,,data.nex,1413,PLAY
2321,385_play-4,,data.nex,1413,PLAY
2322,385_play-7,,data.nex,1413,PLAY
2323,385_play-6,,data.nex,1413,PLAY
2324,386_pull-1,,data.nex,1455,PULL
2325,386_pull-0,,data.nex,1455,PULL
2326,386_pull-3,,data.nex,1455,PULL
2327,386_pull-2,,data.nex,1455,PULL
2328,386_pull-5,,data.nex,1455,PULL
2329,386_pull-4,,data.nex,1455,PULL
2330,386_pull-6,,data.nex,1455,PULL
2331,387_push-11,,data.nex,1452,PUSH
2332,387_push-10,,data.nex,1452,PUSH
2333,387_push-1,,data.nex,1452,PUSH
2334,387_push-0,,data.nex,1452,PUSH
2335,387_push-3,,data.nex,1452,PUSH
2336,387_push-2,,data.nex,1452,PUSH
2337,387_push-5,,data.nex,1452,PUSH
2338,387_push-4,,data.nex,1452,PUSH
2339,387_push-7,,data.nex,1452,PUSH
2340,387_push-6,,data.nex,1452,PUSH
2341,387_push-9,,data.nex,1452,PUSH
2342,387_push-8,,data.nex,1452,PUSH
2343,388_turn-1,,data.nex,1588,TURN
2344,388_turn-0,,data.nex,1588,TURN
2345,388_turn-3,,data.nex,1588,TURN
2346,388_turn-2,,data.nex,1588,TURN
2347,388_turn-5,,data.nex,1588,TURN
2348,388_turn-4,,data.nex,1588,TURN
2349,388_turn-7,,data.nex,1588,TURN
2350,388_turn-6,,data.nex,1588,TURN
2351,388_turn-9,,data.nex,1588,TURN
2352,388_turn-8,,data.nex,1588,TURN
2353,389_choose-10,,data.nex,1750,CHOOSE
2354,389_choose-1,,data.nex,1750,CHOOSE
2355,389_choose-0,,data.nex,1750,CHOOSE
2356,389_choose-3,,data.nex,1750,CHOOSE
2357,389_choose-2,,data.nex,1750,CHOOSE
2358,389_choose-5,,data.nex,1750,CHOOSE
2359,389_choose-4,,data.nex,1750,CHOOSE
2360,389_choose-7,,data.nex,1750,CHOOSE
2361,389_choose-6,,data.nex,1750,CHOOSE
2362,389_choose-9,,data.nex,1750,CHOOSE
2363,389_choose-8,,data.nex,1750,CHOOSE
2364,390_grow-1,,data.nex,479,GROW
2365,390_grow-0,,data.nex,479,GROW
2366,390_grow-3,,data.nex,479,GROW
2367,390_grow-2,,data.nex,479,GROW
2368,390_grow-5,,data.nex,479,GROW
2369,390_grow-4,,data.nex,479,GROW
2370,390_grow-7,,data.nex,479,GROW
2371,390_grow-6,,data.nex,479,GROW
2372,390_grow-8,,data.nex,479,GROW
2373,391_squeeze-1,,data.nex,1414,SQUEEZE
2374,391_squeeze-0,,data.nex,1414,SQUEEZE
2375,391_squeeze-3,,data.nex,1414,SQUEEZE
2376,391_squeeze-2,,data.nex,1414,SQUEEZE
2377,391_squeeze-5,,data.nex,1414,SQUEEZE
2378,391_squeeze-4,,data.nex,1414,SQUEEZE
2379,391_squeeze-7,,data.nex,1414,SQUEEZE
2380,391_squeeze-6,,data.nex,1414,SQUEEZE
2381,391_squeeze-8,,data.nex,1414,SQUEEZE
2382,393_sell-1,,data.nex,1571,SELL
2383,393_sell-0,,data.nex,1571,SELL
2384,393_sell-3,,data.nex,1571,SELL
2385,393_sell-2,,data.nex,1571,SELL
2386,393_sell-5,,data.nex,1571,SELL
2387,393_sell-4,,data.nex,1571,SELL
2388,393_sell-7,,data.nex,1571,SELL
2389,393_sell-6,,data.nex,1571,SELL
2390,395_open-10,,data.nex,1156,OPEN
2391,395_open-1,,data.nex,1156,OPEN
2392,395_open-0,,data.nex,1156,OPEN
2393,395_open-3,,data.nex,1156,OPEN
2394,395_open-2,,data.nex,1156,OPEN
2395,395_open-5,,data.nex,1156,OPEN
2396,395_open-4,,data.nex,1156,OPEN
2397,395_open-7,,data.nex,1156,OPEN
2398,395_open-6,,data.nex,1156,OPEN
2399,395_open-9,,data.nex,1156,OPEN
2400,395_open-8,,data.nex,1156,OPEN
2401,396_close-1,,data.nex,1046,SHUT
2402,396_close-0,,data.nex,1046,SHUT
2403,396_close-3,,data.nex,1046,SHUT
2404,396_close-2,,data.nex,1046,SHUT
2405,396_close-5,,data.nex,1046,SHUT
2406,396_close-4,,data.nex,1046,SHUT
2407,397_climb-1,,data.nex,1102,CLIMB
2408,397_climb-0,,data.nex,1102,CLIMB
2409,397_climb-3,,data.nex,1102,CLIMB
2410,397_climb-2,,data.nex,1102,CLIMB
2411,397_climb-5,,data.nex,1102,CLIMB
2412,397_climb-4,,data.nex,1102,CLIMB
2413,397_climb-6,,data.nex,1102,CLIMB
2414,399_right-1,,data.nex,1019,RIGHT
2415,399_right-0,,data.nex,1019,RIGHT
2416,399_right-3,,data.nex,1019,RIGHT
2417,399_right-2,,data.nex,1019,RIGHT
2418,399_right-5,,data.nex,1019,RIGHT
2419,399_right-4,,data.nex,1019,RIGHT
2420,400_left-10,,data.nex,244,LEFT
2421,400_left-1,,data.nex,244,LEFT
2422,400_left-0,,data.nex,244,LEFT
2423,400_left-3,,data.nex,244,LEFT
2424,400_left-2,,data.nex,244,LEFT
2425,400_left-5,,data.nex,244,LEFT
2426,400_left-4,,data.nex,244,LEFT
2427,400_left-7,,data.nex,244,LEFT
2428,400_left-6,,data.nex,244,LEFT
2429,400_left-9,,data.nex,244,LEFT
2430,400_left-8,,data.nex,244,LEFT
2431,401_old_woman-11,,data.nex,907,OLD WOMAN
2432,401_old_woman-10,,data.nex,907,OLD WOMAN
2433,401_old_woman-1,,data.nex,907,OLD WOMAN
2434,401_old_woman-0,,data.nex,907,OLD WOMAN
2435,401_old_woman-2,,data.nex,907,OLD WOMAN
2436,401_old_woman-5,,data.nex,907,OLD WOMAN
2437,401_old_woman-4,,data.nex,907,OLD WOMAN
2438,401_old_woman-7,,data.nex,907,OLD WOMAN
2439,401_old_woman-6,,data.nex,907,OLD WOMAN
2440,401_old_woman-9,,data.nex,907,OLD WOMAN
2441,401_old_woman-8,,data.nex,907,OLD WOMAN
